POP,IN_SPAN,R2,CLADESIZE,AF_EUR,START,END,TIME_LOW,TIME_HIGH,SNP,MRCA
EUR,0,0.87535118,200,0.198807157,43570912.5,43572888.5,4104.433105,52516.69922,43572419,52516.69922
EUR,0,0.986474036,241,0.239562624,43572888.5,43575212,4447.040527,172356.2656,43574611 43573419 43574935,172356.2656
EUR,0,0.797689897,170,0.168986083,43575212,43578775,6129.087402,13918.71484,,58103.08203
EUR,0,0.781421335,163,0.162027833,43578775,43580022.5,802.8132935,2373.483643,,94358.25781
EUR,0,0.773120074,167,0.166003976,43580022.5,43580105.5,1158.320923,2341.916748,,46764.00781
EUR,0,0.773120074,167,0.166003976,43580105.5,43580782.5,1935.336426,3557.094482,,38441.88281
EUR,0,0.767787563,165,0.164015905,43580782.5,43581718.5,1622.374268,2966.875,,88152.45313
EUR,0,0.776222893,168,0.166998012,43581718.5,43581749,2838.026123,9315.417969,,76990.84375
EUR,0,0.773282435,164,0.163021869,43581749,43584586.5,5094.293457,8466.648438,,32475.02148
EUR,0,0.763193423,155,0.154075547,43584586.5,43587701.5,1485.988037,3103.019043,,49406.0625
EUR,0,0.580546598,102,0.10139165,43587701.5,43587878.5,5526.754883,11800.44629,,52062.56641
EUR,0,0.472785576,32,0.031809145,43587878.5,43589264.5,870.9383545,1109.484863,,64797.75391
EUR,0,0.500415138,45,0.04473161,43589264.5,43597586,790.8525391,888.8028564,,52902.82813
EUR,0,0.732203118,169,0.167992048,43597586,43598134.5,558.9055176,589.1257324,,110411.5313
EUR,0,0.73306369,169,0.167992048,43598134.5,43598257.5,589.9259644,610.1383057,,63797.78125
EUR,0,0.73306369,169,0.167992048,43598257.5,43607659,564.7103271,596.390686,,80611.39844
EUR,0,0.567161591,116,0.115308151,43607659,43612584.5,3144.610107,3351.090576,,74870.14844
EUR,0,0.575781878,64,0.06361829,43612584.5,43614787,1041.878784,1256.707397,,75147.19531
EUR,0,0.776778617,170,0.168986083,43614787,43626683,837.5410767,876.5738525,,42819.27344
EUR,0,0.720423949,278,0.276341948,43626683,43639840,1035.351318,1244.484375,,41506.88672
EUR,0,0.617650012,115,0.114314115,43639840,43640578.5,489.4487915,575.2996216,,39248.53906
EUR,0,0.630227903,121,0.12027833,43640578.5,43641177.5,575.3620605,611.5244751,,45278.55859
EUR,0,0.62875853,121,0.12027833,43641177.5,43642309.5,491.6408386,523.5181885,,62045.34766
EUR,0,0.622422972,118,0.117296223,43642309.5,43642837.5,568.8324585,608.5110474,,39678.32422
EUR,0,0.622422972,118,0.117296223,43642837.5,43644892,592.0219116,605.0058594,,47917.45703
EUR,0,0.62875853,121,0.12027833,43644892,43646465.5,651.505127,839.1698608,,47952.92969
EUR,0,0.626340279,110,0.109343936,43646465.5,43649396,481.9568787,496.9165344,,51919.87109
EUR,0,0.625600671,113,0.112326044,43649396,43649972.5,1692.260254,2050.153076,,76695.30469
EUR,0,0.737655035,329,0.327037773,43649972.5,43651232.5,1839.299683,1927.048096,,57743.32813
EUR,0,0.69807312,355,0.352882704,43651232.5,43651298.5,1469.004395,1594.742188,,51176.94922
EUR,0,0.734831927,336,0.333996024,43651298.5,43651399.5,1097.518066,1170.296997,,110573.875
EUR,0,0.732850383,337,0.33499006,43651399.5,43651553,907.6919556,925.6132813,,80738.14844
EUR,0,0.732850383,337,0.33499006,43651553,43651667,1183.478394,1248.496826,,107213.6484
EUR,0,0.732850383,337,0.33499006,43651667,43652365,1126.951416,1174.539551,,58423.94922
EUR,0,0.741480688,339,0.336978131,43652365,43653105,1274.346069,1341.743042,,57718.50391
EUR,0,0.743255477,329,0.327037773,43653105,43653693,922.7368164,932.7071533,,62409.46875
EUR,0,0.738811265,334,0.332007952,43653693,43653882,867.4240723,967.5552368,,53252.78906
EUR,0,0.738811265,334,0.332007952,43653882,43654118,1012.210693,1172.951294,,55275.0625
EUR,0,0.763246309,328,0.326043738,43654118,43654770.5,750.993042,788.6583252,,70551.11719
EUR,0,0.848436416,185,0.18389662,43654770.5,43654894.5,980.3001709,1033.561768,,72735.47656
EUR,0,0.843329656,183,0.181908549,43654894.5,43654951,906.4365234,992.0947876,,59191.69531
EUR,0,0.851154837,194,0.192842942,43654951,43655654.5,1045.009521,1102.384888,,65973.3125
EUR,0,0.861374263,190,0.188866799,43655654.5,43655918,1131.384155,1196.42041,,97944.67188
EUR,0,0.861374263,190,0.188866799,43655918,43657436,923.0701904,1015.991333,43657393,57207.62109
EUR,0,0.920510778,214,0.212723658,43657436,43658114.5,1105.936646,1164.33313,,46628.875
EUR,0,0.856169534,188,0.186878728,43658114.5,43658131.5,2556.498291,6784.787109,,70787.44531
EUR,0,0.885298096,199,0.197813121,43658131.5,43659151.5,2452.243896,3534.474121,,53179.07813
EUR,0,0.87990924,197,0.19582505,43659151.5,43659470,3467.695313,6908.768066,,78179.14063
EUR,0,0.890729378,201,0.199801193,43659470,43659676.5,18948.59766,56182.13281,,56182.13281
EUR,0,0.890729378,201,0.199801193,43659676.5,43660195.5,6849.595215,85903.65625,43659738,85903.65625
EUR,0,0.840397439,182,0.180914513,43660195.5,43660684.5,9872.407227,18932.84961,,54621.12891
EUR,0,0.962801707,230,0.228628231,43660684.5,43661232,12699.6416,227230.7656,,227230.7656
EUR,0,0.962801707,230,0.228628231,43661232,43661272.5,5569.687012,229469.0938,,229469.0938
EUR,0,0.960052095,229,0.227634195,43661272.5,43664278.5,4877.15918,178839.9219,,178839.9219
EUR,0,0.986571561,239,0.237574553,43664278.5,43664903,11759.59375,187295.0938,,187295.0938
EUR,0,0.986617763,241,0.239562624,43664903,43665828,12250.55078,200795.4531,43665322 43665379 43665468,200795.4531
EUR,0,0.994611215,242,0.24055666,43665828,43668832.5,12437.5293,188549.3594,43666820 43668455 43665838 43668815 43667792 43666001 43665906 43668017 43667836 43666906 43666492 43667934,188549.3594
EUR,0,0.894928105,200,0.198807157,43668832.5,43669478,6491.355957,48863.78906,,48863.78906
EUR,0,0.994611215,242,0.24055666,43669478,43671975.5,26344.25,220279.5313,43670018 43669923 43670754 43671737 43671174 43671739 43671471 43670073 43671099,220279.5313
EUR,0,0.991921319,241,0.239562624,43671975.5,43673275,26240.54688,44636.51563,,44636.51563
EUR,0,0.989245831,244,0.242544732,43673275,43673779,4024.161133,9610.619141,,78441.875
EUR,0,0.989245831,244,0.242544732,43673779,43673906,2595.852051,55018.40625,43673792,55018.40625
EUR,0,0.989245831,244,0.242544732,43673906,43674926,4974.754883,21959.8125,,53512.47266
EUR,0,0.989245831,244,0.242544732,43674926,43675446.5,7411.743652,34030.29688,,60145.65234
EUR,0,0.989245831,244,0.242544732,43675446.5,43676030,22446.5,34308.53906,,51464.25391
EUR,0,0.989245831,244,0.242544732,43676030,43677708.5,11589.96973,13469.45508,,71514.5625
EUR,0,0.915961694,215,0.213717694,43677708.5,43677775,3963.44165,15425.08984,,75871.5
EUR,0,0.916807153,213,0.211729622,43677775,43685842.5,3332.720459,18449.47266,43685826 43685707 43679121 43682098 43681304 43683611 43685021,32651.07422
EUR,1,1,242,0.24055666,43685842.5,43689347,4619.217773,28340.25781,43688249 43688387 43686420,35952.78125
EUR,1,1,242,0.24055666,43689347,43690540,5893.228516,37642.65625,43690468,38132.77734
EUR,1,1,242,0.24055666,43690540,43691986.5,6969.10498,36079.61719,,41678.57813
EUR,1,1,242,0.24055666,43691986.5,43693351,14216.61816,33005.04688,43692935,36327.76172
EUR,1,1,242,0.24055666,43693351,43694573.5,17253.00391,30516.79883,43693538,48510.22266
EUR,1,1,242,0.24055666,43694573.5,43697284,5647.976074,40093.28906,43696920,40093.28906
EUR,1,1,242,0.24055666,43697284,43733206.5,15937.35645,39617.17578,,55292.39063
EUR,1,0.997310682,241,0.239562624,43733206.5,43733261,5012.080078,29283.69531,,60554.56641
EUR,1,0.997310682,241,0.239562624,43733261,43734264.5,5283.518555,38268.55859,43733983,66125.23438
EUR,1,0.997310682,241,0.239562624,43734264.5,43735461,1740.778076,87337.05469,43735276,87337.05469
EUR,1,0.997310682,241,0.239562624,43735461,43735594.5,2466.74585,95288.44531,43735555,95288.44531
EUR,1,0.997310682,241,0.239562624,43735594.5,43736482,8611.486328,82969.79688,,82969.79688
EUR,1,0.997310682,241,0.239562624,43736482,43737197,5176.137695,75737.0625,43736504 43736763 43737040,75737.0625
EUR,1,0.997310682,241,0.239562624,43737197,43742652.5,5747.390137,66150.21875,43738627 43741028 43740967 43741452 43741136 43738676,66150.21875
EUR,1,0.997310682,241,0.239562624,43742652.5,43743042.5,3057.473389,13440.08008,,72693.77344
EUR,1,0.997310682,241,0.239562624,43743042.5,43745427,5973.672852,49993.98828,43744990,49993.98828
EUR,1,0.997310682,241,0.239562624,43745427,43746241,2807.490479,22469.7168,,94790.63281
EUR,1,0.997310682,241,0.239562624,43746241,43748700,4167.013672,138440.5156,43746721 43747683 43748046 43746418 43746839 43747677,138440.5156
EUR,1,0.997310682,241,0.239562624,43748700,43749214.5,7561.793457,33886.69922,43749168,65206.73828
EUR,1,0.997310682,241,0.239562624,43749214.5,43750851,4431.193848,147258.3125,43749579 43749454 43750137 43749949 43750238,147258.3125
EUR,1,0.997310682,241,0.239562624,43750851,43751090,6019.080078,25910.58008,43750939,85557.53125
EUR,1,0.997310682,241,0.239562624,43751090,43751972.5,4827.5,201191.1563,43751246,201191.1563
EUR,1,0.997310682,241,0.239562624,43751972.5,43755895.5,10051.38477,193235.0313,43752039 43754569 43753454 43754576 43752566 43754010,193235.0313
EUR,1,0.997310682,241,0.239562624,43755895.5,43757571,7432.044922,195660.7656,43756376 43756833 43756506 43756340,195660.7656
EUR,1,0.997310682,241,0.239562624,43757571,43758805,7859.268555,217003.7813,43757777 43758148 43758790 43758078,217003.7813
EUR,1,0.997310682,241,0.239562624,43758805,43758852.5,10516.9541,200924.6875,,200924.6875
EUR,1,0.997310682,241,0.239562624,43758852.5,43761561.5,7527.133301,213621.9375,43760192 43760577 43760516 43760199 43760599,213621.9375
EUR,1,0.997310682,241,0.239562624,43761561.5,43765671.5,4233.79541,211892.2344,43761856 43763202 43765381 43762537 43763241 43765450 43764685 43762255 43764847 43761939 43761974 43765080 43764378 43764987 43764796 43762429,211892.2344
EUR,1,0.997310682,241,0.239562624,43765671.5,43766310,2210.021484,198412.6406,43765778,198412.6406
EUR,1,0.997310682,241,0.239562624,43766310,43768284.5,22710.97852,214081.0156,43767538 43766418 43767628 43767815,214081.0156
EUR,1,0.997310682,241,0.239562624,43768284.5,43776441.5,10036.34961,193909.7188,43768727 43768346 43768347 43770525 43773607 43775015 43775145 43769516 43768496 43770416 43768501 43771193 43775929 43776061 43773124 43772109 43773784 43769321 43770995 43776371 43772407 43772540 43774845,193909.7188
EUR,1,0.997310682,241,0.239562624,43776441.5,43778929,10444.50391,193881.1719,43778752 43776787 43776742,193881.1719
EUR,1,0.997310682,241,0.239562624,43778929,43781716.5,26581.18555,200293.5938,43781505 43781250 43779624 43780561 43781105,200293.5938
EUR,1,0.997310682,241,0.239562624,43781716.5,43783324.5,7024.346191,191735.25,43782304 43782492 43782693 43782558,191735.25
EUR,1,0.997310682,241,0.239562624,43783324.5,43783631.5,20043.54297,211189.6563,,211189.6563
EUR,1,0.997310682,241,0.239562624,43783631.5,43783793.5,14816.23828,22741.37305,,68785.45313
EUR,1,0.997310682,241,0.239562624,43783793.5,43783936.5,21302.83789,236433.2031,43783803,236433.2031
EUR,1,0.997310682,241,0.239562624,43783936.5,43784225.5,25329.59961,216983.2656,,216983.2656
EUR,1,0.997310682,241,0.239562624,43784225.5,43784767,12186.95313,231422.9219,,231422.9219
EUR,1,0.997310682,241,0.239562624,43784767,43785082,28588.16602,224631.375,,224631.375
EUR,1,0.997310682,241,0.239562624,43785082,43787329.5,21736.4082,224271.2813,43785349 43786698 43785938 43787226 43785627 43786013,224271.2813
EUR,1,0.997310682,241,0.239562624,43787329.5,43788808,6050.297852,225684.1719,43788419 43788782 43788371 43788666 43788767,225684.1719
EUR,1,0.997310682,241,0.239562624,43788808,43790030.5,6646.516602,231974.4844,43789978 43789971,231974.4844
EUR,1,0.997310682,241,0.239562624,43790030.5,43791499.5,2599.663818,200480.1719,43790401 43791332 43791429 43791181 43790770 43790911,200480.1719
EUR,1,0.997310682,241,0.239562624,43791499.5,43794147.5,3278.765869,236696.2344,43793665 43793828 43791610 43792586 43793388 43792975 43793200 43793651 43792090 43792411 43793342 43793951,236696.2344
EUR,1,0.997310682,241,0.239562624,43794147.5,43794246,3011.801025,207971.9219,43794182,207971.9219
EUR,1,0.997310682,241,0.239562624,43794246,43794953.5,4428.62207,198185.625,43794286,198185.625
EUR,1,0.997310682,241,0.239562624,43794953.5,43795520.5,2437.4646,38741.68359,43795238,102534.1484
EUR,1,0.997310682,241,0.239562624,43795520.5,43796081,4792.415527,155390.2969,43795768 43795634,155390.2969
EUR,1,0.997310682,241,0.239562624,43796081,43797856.5,5607.510742,145135.6875,43797246 43797087,145135.6875
EUR,1,0.997310682,241,0.239562624,43797856.5,43799821.5,2017.095825,144838.875,43798401 43799810 43799048 43798160 43799509 43798902 43798903 43798775 43799804,144838.875
EUR,1,0.997310682,241,0.239562624,43799821.5,43803183.5,3188.831787,160089.25,43801593 43802907 43801695,160089.25
EUR,1,0.997310682,241,0.239562624,43803183.5,43803269.5,3355.205811,163102.1719,,163102.1719
EUR,1,0.997310682,241,0.239562624,43803269.5,43804705.5,2676.681641,152919.6875,43804389 43804619 43803788 43804317,152919.6875
EUR,1,0.997310682,241,0.239562624,43804705.5,43804839,8430.481445,27562.01172,,47212.64844
EUR,1,0.997310682,241,0.239562624,43804839,43805083,5493.195801,22826.44141,,110860.9922
EUR,1,0.997310682,241,0.239562624,43805083,43805126.5,9722.138672,15568.8252,,74324.66406
EUR,1,0.997310682,241,0.239562624,43805126.5,43805179.5,4623.831055,5925.60791,,73521.5
EUR,1,0.997310682,241,0.239562624,43805179.5,43805192.5,5608.519043,6992.439941,,56463.24609
EUR,1,0.997310682,241,0.239562624,43805192.5,43805499,7473.854492,9239.733398,,59337.29297
EUR,1,0.997310682,241,0.239562624,43805499,43809078,5343.064941,178647.5469,43809016 43808067 43807911 43808763 43806925 43808443 43808945 43805590 43806264 43807642 43807099 43807485 43806015,178647.5469
EUR,1,0.997310682,241,0.239562624,43809078,43810105,4744.586914,199957.0156,43809264,199957.0156
EUR,1,0.997310682,241,0.239562624,43810105,43814010,13751.52832,208135.7344,43812649 43812684 43811792 43812177 43812624 43812218,208135.7344
EUR,1,0.997310682,241,0.239562624,43814010,43821163,7279.35498,188357.6406,43815713 43818657 43818946 43815141 43820741 43821062 43817608 43817832 43817898 43815820 43818160 43816306 43817459 43816052 43817557 43818611 43819480 43819450,188357.6406
EUR,1,0.997310682,241,0.239562624,43821163,43821612,6543.819824,191874.2031,,191874.2031
EUR,1,0.997310682,241,0.239562624,43821612,43827022.5,3479.67627,184966.625,43825568 43826305 43825478 43823880 43824908 43825711 43824848 43822769 43823889 43825912 43825725 43822398,184966.625
EUR,1,0.997310682,241,0.239562624,43827022.5,43827356,1759.384399,183637.1875,43827209 43827244,183637.1875
EUR,1,0.997310682,241,0.239562624,43827356,43829165,5200.090332,191848.1719,43828617 43827508 43828221 43828935,191848.1719
EUR,1,0.997310682,241,0.239562624,43829165,43829349.5,3262.101807,35056.30859,,71320.14844
EUR,1,0.997310682,241,0.239562624,43829349.5,43829404.5,4906.990234,111370,,111370
EUR,1,0.997310682,241,0.239562624,43829404.5,43830699,3373.314697,30278.21289,43830640 43830685 43830382,60539.60156
EUR,1,0.997310682,241,0.239562624,43830699,43832545,3591.039795,171554.875,43832367,171554.875
EUR,1,0.997310682,241,0.239562624,43832545,43834783,3243.677246,166838.7969,43833921 43832618 43834482,166838.7969
EUR,1,0.997310682,241,0.239562624,43834783,43836396,2128.541504,171008.8906,43834970 43836051 43835854,171008.8906
EUR,1,0.997310682,241,0.239562624,43836396,43837769,3245.594971,176186.0313,43836673 43836578 43837091 43837237 43836920 43837115 43837567,176186.0313
EUR,1,0.997310682,241,0.239562624,43837769,43837908.5,1174.699341,11767.55078,43837782,72127.98438
EUR,1,0.997310682,241,0.239562624,43837908.5,43838110.5,1955.764648,7971.018066,43838014 43838071,110590.0703
EUR,1,0.997310682,241,0.239562624,43838110.5,43838492.5,10986.00684,36368.11719,43838482,75033.26563
EUR,1,0.997310682,241,0.239562624,43838492.5,43838695.5,6246.529785,170643.6563,43838678,170643.6563
EUR,1,0.997310682,241,0.239562624,43838695.5,43839978,22064.92969,179186.9531,43839253 43838919,179186.9531
EUR,1,0.997310682,241,0.239562624,43839978,43840841.5,12438.80957,165944.4375,43840681 43840107,165944.4375
EUR,1,0.997310682,241,0.239562624,43840841.5,43841299,6140.717285,173013.7188,43840899,173013.7188
EUR,1,0.997310682,241,0.239562624,43841299,43841417.5,3313.709717,151850.0938,,151850.0938
EUR,1,0.997310682,241,0.239562624,43841417.5,43842467.5,4648.961914,188647.6719,43841571 43842462,188647.6719
EUR,1,0.997310682,241,0.239562624,43842467.5,43843113.5,3008.161133,165761.7188,,165761.7188
EUR,1,0.997310682,241,0.239562624,43843113.5,43845437,4704.149902,151344.1719,43843395 43843943 43845002 43844044 43845041 43844859 43844798,151344.1719
EUR,1,0.997310682,241,0.239562624,43845437,43848494.5,4126.156738,152583.3281,43846820 43847912 43846668 43847374 43848181 43847095 43848412 43847039,152583.3281
EUR,1,0.997310682,241,0.239562624,43848494.5,43850639.5,4651.01123,152181.4219,43848968 43848761 43849787 43848638,152181.4219
EUR,1,0.997310682,241,0.239562624,43850639.5,43851487.5,4311.900391,157670.1406,,157670.1406
EUR,1,0.997310682,241,0.239562624,43851487.5,43852259.5,3677.459229,153367.0469,43851851 43851971,153367.0469
EUR,1,0.997310682,241,0.239562624,43852259.5,43852596,3820.551758,31096.72266,,88797.53906
EUR,1,0.997310682,241,0.239562624,43852596,43854645,2311.68457,180710.5,43853133 43852621 43853457 43854449 43853109 43853526 43854267,180710.5
EUR,1,0.997310682,241,0.239562624,43854645,43854995,4265.470215,163874.9219,,163874.9219
EUR,1,0.997310682,241,0.239562624,43854995,43855430,4763.378418,51688.14844,,83232.17188
EUR,1,0.997310682,241,0.239562624,43855430,43855440.5,4692.227539,26830.60156,,58290.79297
EUR,1,0.997310682,241,0.239562624,43855440.5,43855465.5,2842.123535,34768.23828,,121566.9844
EUR,1,0.997310682,241,0.239562624,43855465.5,43855597,4956.684082,34274.45313,43855503,46267.61719
EUR,1,0.997310682,241,0.239562624,43855597,43856449.5,4689.527832,69410.53125,,69410.53125
EUR,1,0.997310682,241,0.239562624,43856449.5,43856616.5,3244.265381,14692.625,,55422.05859
EUR,1,0.997310682,241,0.239562624,43856616.5,43862767.5,5231.050293,65250.15625,43856710 43857129 43858187 43858482 43859065 43856730 43861117,65250.15625
EUR,1,0.997310682,241,0.239562624,43862767.5,43867870,3048.461182,64974.82422,,64974.82422
EUR,1,0.997310682,241,0.239562624,43867870,43869519,3078.468018,63454.11719,,63454.11719
EUR,1,0.997310682,241,0.239562624,43869519,43870690.5,2369.929443,71687.07031,,71687.07031
EUR,1,0.997310682,241,0.239562624,43870690.5,43874034.5,2996.860596,14901.3418,43872228 43871982,44582.20703
EUR,1,0.997310682,241,0.239562624,43874034.5,43874948,4178.332031,14866.73047,,50594.35547
EUR,1,0.997310682,241,0.239562624,43874948,43875333.5,3574.708252,17400.64648,,74032.01563
EUR,1,0.997310682,241,0.239562624,43875333.5,43875919.5,5357.641113,14752.61133,,57937.44531
EUR,1,0.997310682,241,0.239562624,43875919.5,43876829.5,4777.030762,21085.37109,,56880.00781
EUR,1,0.997310682,241,0.239562624,43876829.5,43878051,4079.836914,17483.55078,,59552.84375
EUR,1,0.997310682,241,0.239562624,43878051,43879458.5,6270.488281,26891.44141,43879308,55097.22266
EUR,1,0.997310682,241,0.239562624,43879458.5,43880663,8701.145508,28686.93945,,63586.88672
EUR,1,0.997310682,241,0.239562624,43880663,43885018,4437.242188,9622.966797,43881790,46604.30469
EUR,1,0.997310682,241,0.239562624,43885018,43885742,1996.523804,27080.36328,43885291,42135.06641
EUR,1,0.997310682,241,0.239562624,43885742,43888456,4679.235352,45099.38672,43887480,45099.38672
EUR,1,0.997310682,241,0.239562624,43888456,43890563.5,2739.479248,28065.2168,,47797.71875
EUR,1,0.997310682,241,0.239562624,43890563.5,43891658,3635.968262,10405.75293,,40504.62109
EUR,1,0.997310682,241,0.239562624,43891658,43892518.5,3133.274658,12085.37598,,64363.96094
EUR,1,0.997310682,241,0.239562624,43892518.5,43892780,17212.40625,27512.49805,,48984.8125
EUR,1,0.997310682,241,0.239562624,43892780,43894019,12654.01758,185748.2813,43893751,185748.2813
EUR,1,0.997310682,241,0.239562624,43894019,43894089.5,2077.945313,30352.49219,,44767.375
EUR,1,0.997310682,241,0.239562624,43894089.5,43895485.5,4523.004883,237665.0156,43895008 43894510 43894159 43894609 43894547,237665.0156
EUR,1,0.997310682,241,0.239562624,43895485.5,43897122,4465.881348,201181.5625,43896032 43896690 43896528 43895751,201181.5625
EUR,1,0.997310682,241,0.239562624,43897122,43897634.5,4997.693848,198667.4375,43897449 43897130,198667.4375
EUR,1,0.997310682,241,0.239562624,43897634.5,43901780.5,3539.705322,231619.3906,43898887 43899786 43901528 43900817 43900434 43900760 43901238 43899736 43899417 43898459,231619.3906
EUR,1,0.997310682,241,0.239562624,43901780.5,43902770,2866.576904,44946.54688,43902216 43902505 43902522 43902738,94958.17969
EUR,1,0.997310682,241,0.239562624,43902770,43903982,2778.191406,205690.9063,43902944 43903298 43903106 43903842 43903336 43902861 43902842 43903548,205690.9063
EUR,1,0.997310682,241,0.239562624,43903982,43909251.5,4714.149414,228091.0156,43904673 43904610 43907745 43908773 43907143 43905481 43906828 43904110 43905134 43909008 43908151 43908152 43908826 43908989 43907966,228091.0156
EUR,1,0.997310682,241,0.239562624,43909251.5,43910938.5,3856.257813,189651.3906,43910088 43910507 43910262 43910183,189651.3906
EUR,1,0.997310682,241,0.239562624,43910938.5,43913905.5,4863.995117,214465.0625,43911424 43913315 43911525 43912282 43912454 43912582 43911352 43911898 43911036 43912159,214465.0625
EUR,1,0.997310682,241,0.239562624,43913905.5,43915471.5,4195.875488,206882.75,43914981 43914598 43914728 43915312 43914809 43914554 43914558,206882.75
EUR,1,0.997310682,241,0.239562624,43915471.5,43916354,4502.671875,22287.23047,,83664.52344
EUR,1,0.997310682,241,0.239562624,43916354,43918023.5,2812.695068,174342.1875,43917776 43916932 43916509 43917086,174342.1875
EUR,1,0.997310682,241,0.239562624,43918023.5,43919047,3742.434814,182911.625,43918651 43918524 43918613 43918239,182911.625
EUR,1,0.991962252,239,0.237574553,43919047,43919296,3383.987061,192408.6875,43919073,192408.6875
EUR,1,0.997310682,241,0.239562624,43919296,43920440.5,5084.066406,169462.3281,43920411 43919301,169462.3281
EUR,1,0.997310682,241,0.239562624,43920440.5,43922126.5,6429.352051,175621.7344,43921210 43921572 43921754,175621.7344
EUR,1,0.997310682,241,0.239562624,43922126.5,43922932.5,12206.12988,172502.6719,,172502.6719
EUR,1,0.997310682,241,0.239562624,43922932.5,43924323,17763.1543,179578.0469,43924130 43924231 43924200 43924073 43923703 43924219,179578.0469
EUR,1,0.997310682,241,0.239562624,43924323,43924718,4609.532715,195182.0469,43924521,195182.0469
EUR,1,0.997310682,241,0.239562624,43924718,43925423,5244.88916,20537.05273,43924776 43924803,56409.74219
EUR,1,0.994654386,242,0.24055666,43925423,43925724,5010.286133,44420.24219,43925605,88474.07031
EUR,1,0.994654386,242,0.24055666,43925724,43926786.5,10001.55176,157897.8906,43926056 43926755,157897.8906
EUR,1,0.994654386,242,0.24055666,43926786.5,43927692.5,3347.359375,24751.29102,43926992 43927290 43926948 43927255,50891.27734
EUR,1,0.994654386,242,0.24055666,43927692.5,43928548,4521.492188,36501.34375,,52738.92188
EUR,1,0.994654386,242,0.24055666,43928548,43928610,4296.643555,58361.06641,,58361.06641
EUR,1,0.994654386,242,0.24055666,43928610,43928947.5,3742.431396,56405.83984,,56405.83984
EUR,1,0.994654386,242,0.24055666,43928947.5,43929721.5,5398.874023,18558.08984,43929029,42862.38672
EUR,1,0.997310682,241,0.239562624,43929721.5,43930537.5,3613.143555,208510.8594,43930033 43930238,208510.8594
EUR,1,0.997310682,241,0.239562624,43930537.5,43931756.5,3258.239014,203856.1406,43930980 43931626 43930955 43931244 43931245 43931122,203856.1406
EUR,1,0.997310682,241,0.239562624,43931756.5,43932764,2412.139893,186383.2969,43932277 43932049 43931907 43932129,186383.2969
EUR,1,0.902632972,204,0.2027833,43932764,43932788,7714.661133,140192.5781,,140192.5781
EUR,1,0.902632972,204,0.2027833,43932788,43933143,2265.358887,145491.7656,43932789,145491.7656
EUR,1,0.991962252,239,0.237574553,43933143,43933300.5,4019.685547,48165.49609,,79063.23438
EUR,1,0.997310682,241,0.239562624,43933300.5,43933648.5,2388.135498,15469.3125,,76638.89844
EUR,1,0.997310682,241,0.239562624,43933648.5,43933820,26717.7207,194409.8281,,194409.8281
EUR,1,0.986653578,237,0.235586481,43933820,43934040.5,3535.265381,186334.9063,43934016 43933879,186334.9063
EUR,1,0.997310682,241,0.239562624,43934040.5,43935630,4783.524902,182623.4063,43934314 43935118 43934116 43934948,182623.4063
EUR,1,0.997310682,241,0.239562624,43935630,43936443,3311.024414,29688.46289,43935888 43936298 43936011,64399.29688
EUR,1,0.997310682,241,0.239562624,43936443,43936735,3154.689209,38716.86328,,65472.90234
EUR,1,0.997310682,241,0.239562624,43936735,43939125,4004.860596,221402.3438,43937505 43937633 43938499 43938882 43937162 43938634 43936812 43937104 43937460 43938107,221402.3438
EUR,1,0.997310682,241,0.239562624,43939125,43939496,2947.955322,231007.0625,43939395 43939389 43939399 43939255,231007.0625
EUR,1,0.997310682,241,0.239562624,43939496,43939528,2787.806885,223502.875,,223502.875
EUR,1,0.997310682,241,0.239562624,43939528,43943025.5,5134.484863,225396.0625,43939936 43942656 43941858 43941476 43941350 43941608 43940825 43940685 43941710 43940497 43940020 43940021 43939638 43939609 43940188 43942046,225396.0625
EUR,1,0.997310682,241,0.239562624,43943025.5,43945971.5,4391.475586,228717.4063,43943974 43945931 43945106 43943957 43945495 43944158 43945855,228717.4063
EUR,1,0.997310682,241,0.239562624,43945971.5,43946213.5,6005.439453,233076.3594,,233076.3594
EUR,1,0.997310682,241,0.239562624,43946213.5,43946282,2388.032227,9501.326172,,50430.84766
EUR,1,0.997310682,241,0.239562624,43946282,43946356,2376.676758,161496.3281,43946318,161496.3281
EUR,1,0.997310682,241,0.239562624,43946356,43946705,3012.586182,26392.33398,43946536 43946642 43946423,57274.39844
EUR,1,0.997310682,241,0.239562624,43946705,43946708.5,1782.029541,211860.75,,211860.75
EUR,1,0.997310682,241,0.239562624,43946708.5,43948027.5,1823.977783,223193.4844,43946875 43947171 43946838,223193.4844
EUR,1,0.997310682,241,0.239562624,43948027.5,43950317,2633.305176,219688.8125,43949092 43949892 43949448 43948977 43948733 43949342 43948159,219688.8125
EUR,1,0.997310682,241,0.239562624,43950317,43954371.5,2282.192139,212370.0313,43953991 43953307 43953695 43953170 43953043 43954227 43953814 43953719 43954134 43952634 43951995 43952191,212370.0313
EUR,1,0.997310682,241,0.239562624,43954371.5,43956465,2427.993164,208954.9844,43956425 43956390,208954.9844
EUR,1,0.997310682,241,0.239562624,43956465,43958048,2989.195557,209076.1406,43957328 43957269 43957221 43956734,209076.1406
EUR,1,0.997310682,241,0.239562624,43958048,43959869.5,3282.149658,224024.4063,43959752 43959661 43958736 43959092 43958362 43958139 43958172 43959261 43958431,224024.4063
EUR,1,0.997310682,241,0.239562624,43959869.5,43961852,2376.79541,227107.6563,43960325 43960172 43961292 43960020 43960341 43961142 43960600,227107.6563
EUR,1,0.997310682,241,0.239562624,43961852,43963511,4370.953125,207030.5,43963416 43962982,207030.5
EUR,1,0.997310682,241,0.239562624,43963511,43968363.5,3638.013916,213649.1875,43966178 43964163 43963844 43967138 43963943 43966282 43964539 43965595 43966955 43965680 43964561 43966260 43965687 43964283,213649.1875
EUR,1,0.997310682,241,0.239562624,43968363.5,43974106,5076.894043,203045.5,43971457 43973652 43973413 43969833 43972142 43974065 43968572 43970108 43969995 43971937 43968994 43972581 43970662 43970154 43969901 43969136 43973233 43969019 43970303,203045.5
EUR,1,0.997310682,241,0.239562624,43974106,43976662,2565.246826,208725.7188,43976064 43975415 43974476 43974477 43974354 43976627 43974549 43974230 43975285 43975263,208725.7188
EUR,1,0.997310682,241,0.239562624,43976662,43978768,4082.468994,204999.9063,43978306 43977827 43978308 43977702 43978041 43978534 43978604 43978295 43977049 43977018,204999.9063
EUR,1,0.997310682,241,0.239562624,43978768,43982417.5,5265.130371,210069.4219,43979971 43979468 43979822 43982286 43979504 43982069 43978934 43980762,210069.4219
EUR,1,0.997310682,241,0.239562624,43982417.5,43985635,4272.661133,196657.9375,43984864 43983363 43985597 43982961 43982903 43983159 43984669 43985247,196657.9375
EUR,1,0.997310682,241,0.239562624,43985635,43986392,2653.496094,32571.93945,43985662,72828.75
EUR,1,0.997310682,241,0.239562624,43986392,43988043.5,4239.285156,223899.9688,43986432 43987723 43986462,223899.9688
EUR,1,0.997310682,241,0.239562624,43988043.5,43990957,4102.5,207106.9844,43989221 43990662 43988623 43988884 43989909 43990072,207106.9844
EUR,1,0.997310682,241,0.239562624,43990957,43992859,3645.187988,188062.375,43991781 43992581 43992456 43992233 43992463 43991888 43992283,188062.375
EUR,1,0.997310682,241,0.239562624,43992859,43992935.5,4662.723145,57324.59375,,171306.0781
EUR,1,0.997310682,241,0.239562624,43992935.5,43993315.5,14781.50781,166005.3594,,166005.3594
EUR,1,0.997310682,241,0.239562624,43993315.5,43994011.5,4626.88623,126873.4922,,126873.4922
EUR,1,0.997310682,241,0.239562624,43994011.5,43995255.5,7783.120117,171672.5469,43994386 43994623,171672.5469
EUR,1,0.997310682,241,0.239562624,43995255.5,43996094,5782.813477,31241.85352,43995990,67258.78125
EUR,1,0.997310682,241,0.239562624,43996094,43999893.5,4209.856445,179260.2344,43996908 43998574 43997520 43999793 43998328 43998910,179260.2344
EUR,1,0.997310682,241,0.239562624,43999893.5,44000318.5,5724.837402,171990.1094,44000202,171990.1094
EUR,1,0.997310682,241,0.239562624,44000318.5,44003483.5,4980.724609,194208.2813,44000610 44002595 44003397 44000914 44000505 44002555,194208.2813
EUR,1,0.997310682,241,0.239562624,44003483.5,44004333.5,11031.00098,198232.2188,,198232.2188
EUR,1,0.997310682,241,0.239562624,44004333.5,44005206,2994.043701,32293.89844,44004472 44005186,80280.01563
EUR,1,0.997310682,241,0.239562624,44005206,44006222.5,5925.952637,52272.05469,44006130 44006085 44005615,124000.1797
EUR,1,0.997310682,241,0.239562624,44006222.5,44006867.5,1431.269897,15987.60645,44006601 44006252,75352.90625
EUR,1,0.997310682,241,0.239562624,44006867.5,44008910,3385.705811,210367.7188,44006956 44007493 44007727,210367.7188
EUR,1,0.997310682,241,0.239562624,44008910,44013355.5,2452.000244,190255.625,44009921 44011073 44013189 44010118 44011526 44010984 44012248 44013103 44012915 44010452 44010040 44010364,190255.625
EUR,1,0.997310682,241,0.239562624,44013355.5,44018511,6109.010742,182494.9219,44017666 44017124 44014981 44014982 44015624 44014384 44016341 44015446 44017941 44017180 44016157 44017342,182494.9219
EUR,1,0.997310682,241,0.239562624,44018511,44018652.5,6314.937012,201301.3438,,201301.3438
EUR,1,0.997310682,241,0.239562624,44018652.5,44018714.5,4637.058594,19414.35938,,50161.5625
EUR,1,0.997310682,241,0.239562624,44018714.5,44018738,9850.234375,205113.9063,,205113.9063
EUR,1,0.997310682,241,0.239562624,44018738,44018753.5,9499.982422,190095.9688,,190095.9688
EUR,1,0.997310682,241,0.239562624,44018753.5,44019707,7892.905273,195355.5781,44019643 44019479,195355.5781
EUR,1,0.997310682,241,0.239562624,44019707,44023102.5,5683.825195,185672.5938,44021218 44021699 44022434 44021061 44022376 44022632 44022319 44023087 44022068 44020314 44021717 44020282,185672.5938
EUR,1,0.997310682,241,0.239562624,44023102.5,44026326,7909.025391,195525.3906,44023520 44024865 44023842 44025347 44024552 44024906 44026321 44024562 44024660 44025045 44025592,195525.3906
EUR,1,0.997310682,241,0.239562624,44026326,44029855.5,16049.78516,186896.625,44029178 44028011 44027090 44026548 44027316 44026394,186896.625
EUR,1,0.997310682,241,0.239562624,44029855.5,44033335.5,12645.66211,180817.4688,44030115 44033188 44031946 44032956 44033132 44032879 44033169 44030195 44032915 44030773 44030231 44031420,180817.4688
EUR,1,0.997310682,241,0.239562624,44033335.5,44034479,5026.67627,211553.9375,44033488 44033401 44033394 44033468,211553.9375
EUR,1,0.997310682,241,0.239562624,44034479,44036015.5,5200.773438,182271.625,44035233 44035367 44034833 44035706 44035516,182271.625
EUR,1,0.997310682,241,0.239562624,44036015.5,44037804,10942.08984,197297.3594,44036936 44036129 44036914 44037079,197297.3594
EUR,1,0.997310682,241,0.239562624,44037804,44039567,7260.501465,201505.1875,44039008 44039516,201505.1875
EUR,1,1,242,0.24055666,44039567,44040178.5,11282.42188,212108,44040120,212108
EUR,1,1,242,0.24055666,44040178.5,44042766.5,4110.492676,178997.4844,44041101 44041817 44041107 44042361 44042366,178997.4844
EUR,1,1,242,0.24055666,44042766.5,44042946.5,6412.08252,49413.375,44042939 44042868 44042783,159484.7656
EUR,1,1,242,0.24055666,44042946.5,44045582.5,11164.50391,176532.9063,44043819 44044431 44043636 44044508 44044157,176532.9063
EUR,1,1,242,0.24055666,44045582.5,44048290.5,3282.137451,163742.7031,44047216 44045585 44046934 44045974 44046202,163742.7031
EUR,1,1,242,0.24055666,44048290.5,44050825.5,2662.217773,162377.1875,44048323 44048936 44048937 44050282 44049867 44049900 44048941 44049133 44048943 44049550 44049329 44050395 44050463,162377.1875
EUR,1,1,242,0.24055666,44050825.5,44051712.5,3397.520508,168930.7188,44051588 44051589,168930.7188
EUR,1,1,242,0.24055666,44051712.5,44051927,2240.207031,173211.2344,44051924,173211.2344
EUR,1,1,242,0.24055666,44051927,44054102,4723.53418,168156.6563,44052284 44053989,168156.6563
EUR,1,1,242,0.24055666,44054102,44054683.5,2594.437744,166407.4688,44054237 44054671,166407.4688
EUR,1,1,242,0.24055666,44054683.5,44057594.5,1873.352295,157637.6406,44056833 44056434 44055638 44056767,157637.6406
EUR,1,1,242,0.24055666,44057594.5,44057979,3831.160889,9442.693359,,179689.1406
EUR,1,1,242,0.24055666,44057979,44058106.5,4891.144531,175877.0313,44058017,175877.0313
EUR,1,1,242,0.24055666,44058106.5,44059623.5,2939.554443,157729.5,44058861 44058691 44058716 44058629,157729.5
EUR,1,1,242,0.24055666,44059623.5,44062599.5,3600.01123,172267.1406,44061696 44060775 44060248 44061278 44061023,172267.1406
EUR,1,1,242,0.24055666,44062599.5,44065234,3424.319092,161759.8125,44062689 44063393 44062915 44063140 44064334 44062993 44063766,161759.8125
EUR,1,1,242,0.24055666,44065234,44067373.5,6086.608887,172178,44067046 44066088 44065901 44066995 44066868 44066874,172178
EUR,1,1,242,0.24055666,44067373.5,44070581,8236.472656,173101.4844,44067682 44069768 44068238 44068112 44069840 44069970 44070545 44069180 44067831 44068924 44070111,173101.4844
EUR,1,1,242,0.24055666,44070581,44071831,2859.076904,170884.9063,44070956,170884.9063
EUR,1,1,242,0.24055666,44071831,44074091.5,3135.222168,165251.6875,44073739 44072017 44073027 44072423,165251.6875
EUR,1,1,242,0.24055666,44074091.5,44074131,3323.794434,167207.0781,,167207.0781
EUR,1,1,242,0.24055666,44074131,44078185.5,2430.199951,165544,44077851 44075110 44074613 44074581 44077850 44074619 44075837,165544
EUR,1,1,242,0.24055666,44078185.5,44080351,9285.396484,168847.4063,44078832 44080039 44078892 44079567,168847.4063
EUR,1,1,242,0.24055666,44080351,44080771.5,5590.109375,169486.5938,,169486.5938
EUR,1,1,242,0.24055666,44080771.5,44081449.5,12625.31641,170309.3906,,170309.3906
EUR,1,1,242,0.24055666,44081449.5,44081653.5,9695.015625,183370.625,,183370.625
EUR,1,1,242,0.24055666,44081653.5,44082837.5,8056.544434,180059.8281,44082432 44082249 44082446,180059.8281
EUR,1,1,242,0.24055666,44082837.5,44083363.5,3696.268799,174830.4688,44082981,174830.4688
EUR,1,1,242,0.24055666,44083363.5,44083932.5,6849.160156,30202.23047,,49715.45703
EUR,1,1,242,0.24055666,44083932.5,44084005,9233.475586,16432.09961,,83243.99219
EUR,1,0.997311333,241,0.239562624,44084005,44084108.5,5169.520996,6351.443848,,56514.66016
EUR,1,1,242,0.24055666,44084108.5,44084810.5,12806.88867,15232.70703,44084157,48344.47656
EUR,1,1,242,0.24055666,44084810.5,44088392,12761.94922,177223.0625,44086521 44085852 44086726,177223.0625
EUR,1,1,242,0.24055666,44088392,44091863,4432.626465,184726.5156,44089921 44091195 44090148 44090854 44090858 44089715 44089563 44088926 44089727,184726.5156
EUR,1,1,242,0.24055666,44091863,44091983.5,8601.384766,27505.11719,,78701.70313
EUR,1,1,242,0.24055666,44091983.5,44092083.5,4786.429199,25656.18359,,133082.2031
EUR,1,1,242,0.24055666,44092083.5,44094756,12170.6543,211575.8281,44092801 44093319 44094471 44093993 44092243 44093496 44093753,211575.8281
EUR,1,1,242,0.24055666,44094756,44094835.5,5161.283203,29633.55859,,81430
EUR,1,1,242,0.24055666,44094835.5,44095451.5,4572.01416,128685.9531,44095335,128685.9531
EUR,1,1,242,0.24055666,44095451.5,44099279.5,5918.548828,118070.4375,44096486 44099082 44098861 44097235 44098967 44099129,118070.4375
EUR,1,1,242,0.24055666,44099279.5,44102365.5,3646.98291,127028.6172,44099809 44100553 44100906 44101871 44099669 44100666,127028.6172
EUR,1,1,242,0.24055666,44102365.5,44104101,4187.517578,129265.1406,44102865 44103826 44102933,129265.1406
EUR,1,1,242,0.24055666,44104101,44105206,5281.497559,131325.0313,,131325.0313
EUR,1,1,242,0.24055666,44105206,44106150.5,6279.408691,25443.02539,,94394.22656
EUR,1,1,242,0.24055666,44106150.5,44107493,3530.971924,48394.51172,44106219,48394.51172
EUR,1,1,242,0.24055666,44107493,44107633.5,5096.087891,31239.91211,,73156.65625
EUR,1,1,242,0.24055666,44107633.5,44110202,2909.8125,106579.9375,44108202 44108355 44108100,106579.9375
EUR,1,1,242,0.24055666,44110202,44111081,3863.884277,36890.23438,44110888 44110532 44110541,57594.4375
EUR,1,1,242,0.24055666,44111081,44113375.5,3522.499512,139625.9063,44112385 44113224 44113359 44111827 44112441,139625.9063
EUR,1,1,242,0.24055666,44113375.5,44114419,4196.983398,150375.9531,44113963,150375.9531
EUR,1,1,242,0.24055666,44114419,44118867,5679.674316,142612.0156,44114432 44118848 44115886 44116238 44115569 44115730 44117397 44115351,142612.0156
EUR,1,1,242,0.24055666,44118867,44119363.5,2739.683838,137456.5,44119320 44118999,137456.5
EUR,1,1,242,0.24055666,44119363.5,44119468.5,7029.243652,34925.55469,44119463,67218.54688
EUR,1,1,242,0.24055666,44119468.5,44122346.5,5948.236816,156123.4531,44121917 44119636 44121469,156123.4531
EUR,1,1,242,0.24055666,44122346.5,44125156,8671.072266,163427.7188,44123248 44122484 44124535,163427.7188
EUR,1,1,242,0.24055666,44125156,44125839,4760.820801,163316.7969,44125704,163316.7969
EUR,1,1,242,0.24055666,44125839,44131303,9140.477539,161110.5156,44129949 44129800 44126218 44130668 44130924 44126575 44126650 44130587 44129885,161110.5156
EUR,1,1,242,0.24055666,44131303,44135316.5,5137.152832,156269.0938,44131717 44131622 44131559 44133031 44133403 44132458 44133162 44132269 44133070 44132592 44133648 44135026 44133396 44131798 44132887 44133142 44132379 44134910,156269.0938
EUR,1,1,242,0.24055666,44135316.5,44138153.5,3885.619873,173892.8906,44135827 44137678 44136803 44137311,173892.8906
EUR,1,1,242,0.24055666,44138153.5,44139456.5,4743.185059,159806.75,44139083 44139190,159806.75
EUR,1,1,242,0.24055666,44139456.5,44140108.5,6373.178711,25003.58203,44139762 44139662,45316.58203
EUR,1,1,242,0.24055666,44140108.5,44141204,2816.169189,162845.4688,44140341,162845.4688
EUR,1,1,242,0.24055666,44141204,44145940.5,3234.674072,164600.6875,44141955 44141347 44141732 44142566 44142663 44144387 44142121 44144152 44144251 44142332 44145373 44142334 44142879,164600.6875
EUR,1,1,242,0.24055666,44145940.5,44148101,8740.507813,170640.0625,44146336 44147721 44147599 44147411 44146357,170640.0625
EUR,1,1,242,0.24055666,44148101,44155300,4441.339355,161342.875,44153607 44150920 44153227 44155157 44150042 44153626 44153258 44148267 44153386 44149297 44154033 44153144 44152760 44154946 44152390 44154461 44149348 44154607 44151667 44151156 44154105 44152447,161342.875
EUR,1,1,242,0.24055666,44155300,44159666,3758.445068,171637.6406,44159555 44157992 44157622 44155707 44157982,171637.6406
EUR,1,1,242,0.24055666,44159666,44161568.5,2733.477783,161287.6563,44160674 44159725 44160592 44160050 44161522 44159988 44161146,161287.6563
EUR,1,1,242,0.24055666,44161568.5,44162081,2763.542725,161945.7031,44161985 44161860,161945.7031
EUR,1,0.997311333,241,0.239562624,44162081,44162567.5,2752.042725,178794.9531,,178794.9531
EUR,1,1,242,0.24055666,44162567.5,44162712.5,4213.623535,188125.5469,,188125.5469
EUR,1,1,242,0.24055666,44162712.5,44171732.5,2441.665527,167051.25,44171024 44169759 44169377 44170018 44164133 44169769 44171565 44165049 44165435 44168508 44169406 44163411 44165594 44165852 44169437 44164323 44166500 44167661 44170612 44166646,167051.25
EUR,1,1,242,0.24055666,44171732.5,44175185,4699.965332,170309.7813,44173408 44172391 44173812 44174068 44172408 44173179,170309.7813
EUR,1,1,242,0.24055666,44175185,44176784.5,3855.334717,165444.5469,,165444.5469
EUR,1,1,242,0.24055666,44176784.5,44182288,2473.38501,166368.5469,44178272 44179969 44178884 44179749 44177669 44181508 44182181 44177993 44180173 44181454 44181681 44181118,166368.5469
EUR,1,1,242,0.24055666,44182288,44182877,5678.513672,171083.5938,44182336,171083.5938
EUR,1,0.99461819,240,0.238568588,44182877,44183316,8814.65918,179491.8125,44182956,179491.8125
EUR,1,1,242,0.24055666,44183316,44184821,7588.695313,172465.125,44184428 44183403 44184404 44183790,172465.125
EUR,1,1,242,0.24055666,44184821,44186059,2948.616943,174666.1875,44185245 44185431,174666.1875
EUR,1,1,242,0.24055666,44186059,44186945,2739.276123,166788.0313,44186252,166788.0313
EUR,1,1,242,0.24055666,44186945,44189047,11519.24902,165366.1094,44188645 44188755 44188764 44188477,165366.1094
EUR,1,1,242,0.24055666,44189047,44189851.5,18542.5918,177045.8594,44189408,177045.8594
EUR,1,1,242,0.24055666,44189851.5,44195592.5,26331.92578,172766.3594,44191682 44195495 44194891 44191085 44192590 44194835 44194519 44193882 44192923 44194621,172766.3594
EUR,1,1,242,0.24055666,44195592.5,44196009,12362.07129,37456.10547,,96695.33594
EUR,1,1,242,0.24055666,44196009,44198217.5,11363.19629,185772.1719,44198080 44197032 44196653 44197806 44196822 44196153 44196125,185772.1719
EUR,1,1,242,0.24055666,44198217.5,44200159.5,11964.04883,178728.7188,44200078 44199029 44198806 44200015,178728.7188
EUR,1,1,242,0.24055666,44200159.5,44205832,22002.07617,193554.2969,44201344 44205122 44201667 44204739 44203366 44202952 44201865 44204749 44203311 44202608 44204304 44203413 44205500 44201887,193554.2969
EUR,1,1,242,0.24055666,44205832,44208165.5,3861.200195,164223.2813,44207778 44208144 44206482 44206646 44207066 44207932,164223.2813
EUR,1,1,242,0.24055666,44208165.5,44212309,11054.46094,180691.4219,44212032 44209313 44209474 44210442 44211502 44208945 44209875 44209364 44209628 44209919,180691.4219
EUR,1,1,242,0.24055666,44212309,44213195.5,18811.71875,22902.72266,44212527,80841.79688
EUR,1,1,242,0.24055666,44213195.5,44214365.5,10124.68652,129350.2734,44213712 44213921 44213934,129350.2734
EUR,1,1,242,0.24055666,44214365.5,44214793,23200.8418,137021.0156,,137021.0156
EUR,1,1,242,0.24055666,44214793,44215029.5,14786.66211,130650.8828,44214814,130650.8828
EUR,1,1,242,0.24055666,44215029.5,44219540.5,27274.38281,124837.1406,44216226 44215823,124837.1406
EUR,1,1,242,0.24055666,44219540.5,44221305.5,8053.772461,126659.8516,44220454 44220942 44220785 44221042 44219831,126659.8516
EUR,1,1,242,0.24055666,44221305.5,44221581.5,4411.617188,131961.6094,,131961.6094
EUR,1,1,242,0.24055666,44221581.5,44223880.5,11185.62305,124385.6797,44223243 44222335,124385.6797
EUR,1,1,242,0.24055666,44223880.5,44227384,24157.33789,121298.7344,44226126 44226030,121298.7344
EUR,1,1,242,0.24055666,44227384,44228141.5,13173.89063,119375.6719,,119375.6719
EUR,1,1,242,0.24055666,44228141.5,44230335,12596.96191,115289.7031,44228824 44228609,115289.7031
EUR,1,1,242,0.24055666,44230335,44233500,3245.379639,111119.0547,44231617 44231326 44231295,111119.0547
EUR,1,1,242,0.24055666,44233500,44238553,9416.010742,118895.1094,44233776 44237372 44233589,118895.1094
EUR,1,1,242,0.24055666,44238553,44242026.5,14828.32324,119688.4297,44241304 44241664 44240107,119688.4297
EUR,1,1,242,0.24055666,44242026.5,44247151,17274.9668,117384.1484,44246624 44246211 44242788 44244397 44243863,117384.1484
EUR,1,1,242,0.24055666,44247151,44252542,23730.50781,121527.625,44252416 44252510 44252197 44249621 44250616 44247673 44251548 44251230,121527.625
EUR,1,1,242,0.24055666,44252542,44257777.5,16880.24414,119700.6563,44255017 44254413 44254494 44255777,119700.6563
EUR,1,1,242,0.24055666,44257777.5,44262936.5,22176.50977,115231.2734,44260933 44260967 44261137 44258354 44262418 44258422 44258231 44261753 44259261,115231.2734
EUR,1,1,242,0.24055666,44262936.5,44263051,26468.71875,123568.0391,,123568.0391
EUR,1,1,242,0.24055666,44263051,44264438.5,26540.82617,125520.9531,44263965 44263479,125520.9531
EUR,1,1,242,0.24055666,44264438.5,44272339.5,12723.04492,125112.7891,44267617 44267170 44266531 44266342 44269964 44264717 44265328 44271152 44266290 44266227,125112.7891
EUR,1,1,242,0.24055666,44272339.5,44275579,21032.88672,128565.9453,44272552 44275035 44273264,128565.9453
EUR,1,1,242,0.24055666,44275579,44276573.5,16072.65918,125994.7188,44276330 44275619 44276013,125994.7188
EUR,1,1,242,0.24055666,44276573.5,44283859,12849.15527,119142.0703,44280902 44277867 44277265 44281722 44277691,119142.0703
EUR,1,1,242,0.24055666,44283859,44285810.5,12594.20996,129042.3125,44284734 44285531 44285142 44284542,129042.3125
EUR,1,0.989763865,246,0.244532803,44285810.5,44287273,8763.012695,25693.91406,44286089 44286198,133340.7969
EUR,1,1,242,0.24055666,44287273,44289264,14932.2832,125205.1094,44288640 44288672 44288579 44289101 44288156,125205.1094
EUR,1,0.997340474,243,0.241550696,44289264,44289830,12187.74414,131438.5156,44289291,131438.5156
EUR,1,1,242,0.24055666,44289830,44303109.5,12135.08496,130156.6797,44302881,130156.6797
EUR,1,1,242,0.24055666,44303109.5,44304018.5,12834.90332,121356.5938,44303668 44303525,121356.5938
EUR,1,1,242,0.24055666,44304018.5,44305540.5,15240.53223,124368.1328,44305026 44304884,124368.1328
EUR,0,0.953075166,224,0.222664016,44305540.5,44309253,4487.557129,97685.78125,,97685.78125
EUR,0,0.997310682,241,0.239562624,44309253,44312267,25025.82227,55165.61328,44311099,55165.61328
EUR,0,0.997311228,243,0.241550696,44312267,44313283.5,14719.68652,50038.875,,50038.875
EUR,0,0.997311228,243,0.241550696,44313283.5,44313517,10880.82813,34723.21875,,77667.57813
EUR,0,0.997311228,243,0.241550696,44313517,44313895,14638.16113,44182.25391,44313757,44182.25391
EUR,0,0.997311228,243,0.241550696,44313895,44313935.5,20461.99805,45930.17188,,114563.6406
EUR,0,0.997311228,243,0.241550696,44313935.5,44316201.5,14260.30566,106362.5625,44314179 44315803,106362.5625
EUR,0,0.994677641,244,0.242544732,44316201.5,44316249.5,4814.028809,29423.52734,,117360.2578
EUR,0,0.997311228,243,0.241550696,44316249.5,44317269,3527.068115,166016.6406,,166016.6406
EUR,0,0.997311228,243,0.241550696,44317269,44318126.5,23896.94922,36895.53906,,73501.80469
EUR,0,0.997311228,243,0.241550696,44318126.5,44318856.5,25807.07031,161534.6875,44318663 44318575,161534.6875
EUR,0,0.997311228,243,0.241550696,44318856.5,44319154,11274.32813,20585.67773,,89954.625
EUR,0,0.997311228,243,0.241550696,44319154,44322278.5,28755.56055,121984.2578,44319366 44321527,121984.2578
EUR,0,0.928903411,218,0.216699801,44322278.5,44322875,23089.7207,34245.88281,,52671.28516
EUR,0,0.99189324,243,0.241550696,44322875,44323019.5,3014.184326,54158.1875,44322922,54158.1875
EUR,0,0.99189324,243,0.241550696,44323019.5,44326086.5,16568.00781,101487.2578,44324185 44324572,101487.2578
EUR,0,0.989201108,244,0.242544732,44326086.5,44327189,20330.75391,89474.8125,44327070,89474.8125
EUR,0,0.991892685,241,0.239562624,44327189,44327678,8140.851563,8845.044922,,77241.75781
EUR,0,0.991892685,241,0.239562624,44327678,44328866.5,21746.15625,62136.25,,62136.25
EUR,0,0.991892685,241,0.239562624,44328866.5,44331192,32221.51367,76065.50781,,76065.50781
EUR,0,0.99189324,243,0.241550696,44331192,44331781,21409.64258,64674.79297,44331214,64674.79297
EUR,0,0.994596616,242,0.24055666,44331781,44332273,4648.149414,13494.97949,,118426.1406
EUR,0,0.99189324,243,0.241550696,44332273,44334239,25202.68359,187831.7969,44333568 44333412 44333293 44333423 44333532,187831.7969
EUR,0,0.99189324,243,0.241550696,44334239,44335567,7299.866699,18948.375,44334288,176097.0313
EUR,0,0.937486666,222,0.220675944,44335567,44335634.5,1167.794678,1739.579102,,187687.2344
EUR,0,0.989201108,244,0.242544732,44335634.5,44335860,28954.48438,191788.125,44335818 44335635,191788.125
EUR,0,0.936972017,224,0.222664016,44335860,44336710.5,2251.614502,188123.4063,,188123.4063
EUR,0,0.989201108,244,0.242544732,44336710.5,44336959,4722.383789,28498.88281,,89247.3125
EUR,0,0.890729378,201,0.199801193,44336959,44336987.5,1822.292236,4675.068359,,48578.71094
EUR,0,0.890729378,201,0.199801193,44336987.5,44348923,2664.684814,7395.29834,44348768 44348387 44348356 44348616 44348825,49826.52734
EUR,0,0.97349526,246,0.244532803,44348923,44349129,17067.66602,61285.03125,44348932,61285.03125
EUR,0,0.875898831,198,0.196819085,44349129,44349209,25903.36133,68355.25781,,68355.25781
EUR,0,0.97564064,243,0.241550696,44349209,44349740,26908.51367,60621.39063,,60621.39063
EUR,0,0.893461113,202,0.200795229,44349740,44349854,9103.820313,109767.0234,,109767.0234
EUR,0,0.980966924,241,0.239562624,44349854,44350292,56564.19531,90939.5,44349867,90939.5
EUR,0,0.973082418,244,0.242544732,44350292,44351893,35070.88672,86983.48438,44350919,86983.48438
EUR,0,0.978268078,242,0.24055666,44351893,44352093.5,23223.43555,49783.12891,44351929,89612.82813
EUR,0,0.968165307,246,0.244532803,44352093.5,44352351,5486.22168,17993.68359,44352131,74029.35156
EUR,0,0.983739469,240,0.238568588,44352351,44352841.5,5431.519531,10026.31934,44352621 44352639,76501.07813
EUR,0,0.980966924,241,0.239562624,44352841.5,44353190.5,24701.41992,55740.64063,,55740.64063
EUR,0,0.893461113,202,0.200795229,44353190.5,44353678.5,14991.63867,213608.2813,44353344 44353505 44353318 44353320 44353262 44353343,213608.2813
EUR,0,0.963500954,248,0.246520875,44353678.5,44354202,4439.83252,60328.38672,44353728 44353885 44353693 44354103,60328.38672
EUR,0,0.980966924,241,0.239562624,44354202,44354896.5,15254.48145,49719.57422,,49719.57422
EUR,0,0.890729378,201,0.199801193,44354896.5,44355300.5,3762.029785,108573.2109,44355130,108573.2109
EUR,0,0.983739469,240,0.238568588,44355300.5,44357170.5,9078.577148,76218.24219,44355304 44355602,76218.24219
EUR,0,0.890729378,201,0.199801193,44357170.5,44357324,1806.319092,160040.5469,44357198,160040.5469
EUR,0,0.983739469,240,0.238568588,44357324,44357359.5,15267.62305,110531.0859,44357351,110531.0859
EUR,0,0.890729378,201,0.199801193,44357359.5,44357771.5,3650.467773,100200.9609,44357392 44357562,100200.9609
EUR,0,0.983739469,240,0.238568588,44357771.5,44357786.5,29759.73438,83797.28125,44357777,83797.28125
EUR,0,0.890729378,201,0.199801193,44357786.5,44358127.5,12826.83594,78079.4375,,78079.4375
EUR,0,0.981012206,239,0.237574553,44358127.5,44358559,14682.54297,91094.38281,,91094.38281
EUR,0,0.983715897,242,0.24055666,44358559,44358561.5,20391.30664,28931.08398,44358561,87496.16406
EUR,0,0.978243278,240,0.238568588,44358561.5,44359457,18317.83203,87260.85156,,87260.85156
EUR,0,0.983739469,240,0.238568588,44359457,44363123,12822.70117,83298.86719,44359779 44361383 44362633 44359499 44361007 44359663,83298.86719
EUR,0,0.957194207,228,0.226640159,44363123,44363812.5,19536.33398,20679.81445,,41213.55469
EUR,0,0.983739469,240,0.238568588,44363812.5,44364262.5,81148.86719,127229.9063,44363929,127229.9063
EUR,0,0.893461113,202,0.200795229,44364262.5,44364502.5,13608.39258,90231.875,,90231.875
EUR,0,0.983739469,240,0.238568588,44364502.5,44365959,34233.44922,129239.1016,44364864 44364829 44364519,129239.1016
EUR,0,0.983739469,240,0.238568588,44365959,44366406,19328.28125,127705.9297,,127705.9297
EUR,0,0.981012206,239,0.237574553,44366406,44368922,7663.354004,110169.375,44366410,110169.375
EUR,0,0.981012206,239,0.237574553,44368922,44369327,18171.94727,156581.875,,156581.875