chromosome,band,gene,clades_start,clades_end,clades_span,gene_start,gene_end,gene_span,prop_overlap_of_clades,prop_overlap_of_gene,
chr1,1p34.2,CTPS1,41476203,41710307,234104,41445367,41478237,32870,0.00869,0.06188
chr1,1p34.2,CTPS1,41476203,41710307,234104,41445367,41478237,32870,0.00869,0.06188
chr1,1p34.2,CTPS1,41476203,41710307,234104,41454190,41478237,24047,0.00869,0.08458
chr1,1p34.2,SLFNL1-AS1,41476203,41710307,234104,41480261,41509562,29301,0.12516,1.0
chr1,1p34.2,SLFNL1,41476203,41710307,234104,41481268,41487397,6129,0.02618,1.0
chr1,1p34.2,SLFNL1,41476203,41710307,234104,41481268,41487397,6129,0.02618,1.0
chr1,1p34.2,SLFNL1,41476203,41710307,234104,41481268,41487397,6129,0.02618,1.0
chr1,1p34.2,SLFNL1,41476203,41710307,234104,41481268,41487397,6129,0.02618,1.0
chr1,1p34.2,SLFNL1,41476203,41710307,234104,41481268,41487397,6129,0.02618,1.0
chr1,1p34.2,SCMH1,41476203,41710307,234104,41492873,41707978,215105,0.91884,1.0
chr1,1p34.2,SCMH1,41476203,41710307,234104,41492873,41707978,215105,0.91884,1.0
chr1,1p34.2,SCMH1,41476203,41710307,234104,41492873,41707978,215105,0.91884,1.0
chr1,1p34.2,SCMH1,41476203,41710307,234104,41492873,41707978,215105,0.91884,1.0
chr1,1p34.2,SCMH1,41476203,41710307,234104,41492873,41707978,215105,0.91884,1.0
chr1,1p34.2,SCMH1,41476203,41710307,234104,41492873,41707978,215105,0.91884,1.0
chr1,1p34.2,SCMH1,41476203,41710307,234104,41492873,41707978,215105,0.91884,1.0
chr1,1p34.2,SCMH1,41476203,41710307,234104,41492873,41707978,215105,0.91884,1.0
chr1,1p34.2,SCMH1,41476203,41710307,234104,41492873,41707978,215105,0.91884,1.0
chr1,1p34.2,SCMH1,41476203,41710307,234104,41492873,41707978,215105,0.91884,1.0
chr1,1p34.2,SCMH1,41476203,41710307,234104,41492873,41707978,215105,0.91884,1.0
chr1,1p34.2,SCMH1,41476203,41710307,234104,41492873,41707978,215105,0.91884,1.0
chr1,1p34.2,SCMH1,41476203,41710307,234104,41492873,41707978,215105,0.91884,1.0
chr1,1p34.2,SCMH1,41476203,41710307,234104,41492873,41707978,215105,0.91884,1.0
chr1,1p34.2,SCMH1,41476203,41710307,234104,41492873,41707978,215105,0.91884,1.0
chr1,1p34.2,SCMH1,41476203,41710307,234104,41492873,41707978,215105,0.91884,1.0
chr1,1p34.2,SCMH1,41476203,41710307,234104,41492873,41707978,215105,0.91884,1.0
chr1,1p34.2,SCMH1,41476203,41710307,234104,41492873,41707978,215105,0.91884,1.0
chr1,1p34.2,SCMH1,41476203,41710307,234104,41492873,41707978,215105,0.91884,1.0
chr1,1p34.2,SCMH1,41476203,41710307,234104,41492873,41707978,215105,0.91884,1.0
chr1,1p34.2,SCMH1,41476203,41710307,234104,41492873,41707978,215105,0.91884,1.0
chr1,1p34.2,SCMH1,41476203,41710307,234104,41492873,41707978,215105,0.91884,1.0
chr1,1p33,SPATA6,48725511,48924117,198606,48761044,48937876,176832,0.82109,0.92219
chr1,1p33,SPATA6,48725511,48924117,198606,48761044,48937876,176832,0.82109,0.92219
chr1,1p33,SPATA6,48725511,48924117,198606,48761044,48937876,176832,0.82109,0.92219
chr1,1q25.1-2,COP1,175906676,176169208,262532,175913966,176176422,262456,0.97223,0.97251
chr1,1q25.1-1,COP1,175906676,176180939,274263,175913966,176176422,262456,0.95695,1.0
chr1,1q25.1-2,COP1,175906676,176169208,262532,175913966,176176422,262456,0.97223,0.97251
chr1,1q25.1-1,COP1,175906676,176180939,274263,175913966,176176422,262456,0.95695,1.0
chr1,1q25.1-2,COP1,175906676,176169208,262532,175913966,176176422,262456,0.97223,0.97251
chr1,1q25.1-1,COP1,175906676,176180939,274263,175913966,176176422,262456,0.95695,1.0
chr1,1q25.1-2,MIR1843,175906676,176169208,262532,175937505,175937615,110,0.00042,1.0
chr1,1q25.1-1,MIR1843,175906676,176180939,274263,175937505,175937615,110,0.0004,1.0
chr1,1q25.1-2,SCARNA3,175906676,176169208,262532,175937532,175937676,144,0.00055,1.0
chr1,1q25.1-1,SCARNA3,175906676,176180939,274263,175937532,175937676,144,0.00053,1.0
chr1,1q42.12,DNAH14,225156683,225339751,183068,225117376,225157489,40113,0.0044,0.02009
chr1,1q42.12,DNAH14,225156683,225339751,183068,225117376,225157534,40158,0.00465,0.02119
chr1,1q42.12,DNAH14,225156683,225339751,183068,225117376,225212306,94930,0.30384,0.58594
chr1,1q42.12,DNAH14,225156683,225339751,183068,225117376,225212306,94930,0.30384,0.58594
chr1,1q42.12,DNAH14,225156683,225339751,183068,225117376,225586988,469612,1.0,0.38983
chr1,1q42.13,CDC42BPA,227217956,227507026,289070,227177558,227506193,328635,0.99712,0.87707
chr1,1q42.13,CDC42BPA,227217956,227507026,289070,227177565,227506193,328628,0.99712,0.87709
chr1,1q42.13,CDC42BPA,227217956,227507026,289070,227177565,227506193,328628,0.99712,0.87709
chr1,1q42.13,CDC42BPA,227217956,227507026,289070,227177565,227506193,328628,0.99712,0.87709
chr1,1q42.13,CDC42BPA,227217956,227507026,289070,227177565,227506193,328628,0.99712,0.87709
chr1,1q42.13,CDC42BPA,227217956,227507026,289070,227177565,227506193,328628,0.99712,0.87709
chr1,1q42.13,CDC42BPA,227217956,227507026,289070,227177565,227506193,328628,0.99712,0.87709
chr10,10p11.22,LOC101929431,32715818,33169281,453463,32723281,32734984,11703,0.02581,1.0
chr10,10p11.22,CCDC7,32715818,33169281,453463,32735067,32863489,128422,0.2832,1.0
chr10,10p11.22,CCDC7,32715818,33169281,453463,32735067,32863489,128422,0.2832,1.0
chr10,10p11.22,CCDC7,32715818,33169281,453463,32735067,33171792,436725,0.95755,0.99425
chr10,10p11.22,CCDC7,32715818,33169281,453463,32735067,33171792,436725,0.95755,0.99425
chr10,10p11.22,CCDC7,32715818,33169281,453463,32735067,32803515,68448,0.15095,1.0
chr10,10p11.22,CCDC7,32715818,33169281,453463,32735067,32863489,128422,0.2832,1.0
chr10,10p11.22,CCDC7,32715818,33169281,453463,32735905,33020536,284631,0.62768,1.0
chr10,10q11.1,ZNF37A,38383266,42757276,4374010,38383264,38404621,21357,0.00488,0.99991
chr10,10q11.1,ZNF37A,38383266,42757276,4374010,38383264,38404621,21357,0.00488,0.99991
chr10,10q11.1,ZNF37A,38383266,42757276,4374010,38383264,38404621,21357,0.00488,0.99991
chr10,10q11.1,ZNF37A,38383266,42757276,4374010,38383264,38404621,21357,0.00488,0.99991
chr10,10q11.1,ZNF37A,38383266,42757276,4374010,38383264,38404621,21357,0.00488,0.99991
chr10,10q11.1,ZNF37A,38383266,42757276,4374010,38383264,38413553,30289,0.00692,0.99993
chr10,10q11.1,ZNF37A,38383266,42757276,4374010,38383264,38413553,30289,0.00692,0.99993
chr10,10q11.1,ZNF37A,38383266,42757276,4374010,38383264,38413553,30289,0.00692,0.99993
chr10,10q11.1,ZNF37A,38383266,42757276,4374010,38383264,38413553,30289,0.00692,0.99993
chr10,10q11.1,ZNF37A,38383266,42757276,4374010,38383264,38413553,30289,0.00692,0.99993
chr10,10q11.1,ZNF37A,38383266,42757276,4374010,38383264,38413553,30289,0.00692,0.99993
chr10,10q11.1,ZNF37A,38383266,42757276,4374010,38383264,38413553,30289,0.00692,0.99993
chr10,10q11.1,ZNF37A,38383266,42757276,4374010,38383264,38413553,30289,0.00692,0.99993
chr10,10q11.1,ZNF37A,38383266,42757276,4374010,38383264,38413553,30289,0.00692,0.99993
chr10,10q11.1,ZNF37A,38383266,42757276,4374010,38383264,38413553,30289,0.00692,0.99993
chr10,10q11.1,ZNF37A,38383266,42757276,4374010,38383264,38413553,30289,0.00692,0.99993
chr10,10q11.1,ZNF37A,38383266,42757276,4374010,38383264,38413553,30289,0.00692,0.99993
chr10,10q11.1,ZNF37A,38383266,42757276,4374010,38383264,38439221,55957,0.01279,0.99996
chr10,10q11.1,ZNF37A,38383266,42757276,4374010,38383264,38439221,55957,0.01279,0.99996
chr10,10q11.1,ZNF37A,38383266,42757276,4374010,38383264,38439221,55957,0.01279,0.99996
chr10,10q11.1,CCNYL4,38383266,42757276,4374010,38464598,38503273,38675,0.00884,1.0
chr10,10q11.1,HSD17B7P2,38383266,42757276,4374010,38645307,38667433,22126,0.00506,1.0
chr10,10q11.1,SEPTIN7P9,38383266,42757276,4374010,38671950,38691855,19905,0.00455,1.0
chr10,10q11.1,SEPTIN7P9,38383266,42757276,4374010,38671950,38691855,19905,0.00455,1.0
chr10,10q11.1,LINC00999,38383266,42757276,4374010,38717073,38741081,24008,0.00549,1.0
chr10,10q11.1,ACTR3BP5,38383266,42757276,4374010,38989726,38991372,1646,0.00038,1.0
chr10,10q22.3,LOC729815,81263542,82025814,762272,81266125,81270738,4613,0.00605,1.0
chr10,10q22.3,LOC729815,81263542,82025814,762272,81267358,81270738,3380,0.00443,1.0
chr10,10q22.3,EIF5AL1,81263542,82025814,762272,81272288,81276196,3908,0.00513,1.0
chr10,10q22.3,SFTPA2,81263542,82025814,762272,81315607,81319627,4020,0.00527,1.0
chr10,10q22.3,SFTPA2,81263542,82025814,762272,81315607,81320163,4556,0.00598,1.0
chr10,10q22.3,SFTPA2,81263542,82025814,762272,81315607,81320163,4556,0.00598,1.0
chr10,10q22.3,SFTPA1,81263542,82025814,762272,81370694,81375199,4505,0.00591,1.0
chr10,10q22.3,SFTPA1,81263542,82025814,762272,81370694,81375199,4505,0.00591,1.0
chr10,10q22.3,SFTPA1,81263542,82025814,762272,81370694,81375211,4517,0.00593,1.0
chr10,10q22.3,SFTPA1,81263542,82025814,762272,81370694,81375211,4517,0.00593,1.0
chr10,10q22.3,SFTPA1,81263542,82025814,762272,81370694,81375211,4517,0.00593,1.0
chr10,10q22.3,SFTPA1,81263542,82025814,762272,81370694,81375211,4517,0.00593,1.0
chr10,10q22.3,LINC02679,81263542,82025814,762272,81388512,81422941,34429,0.04517,1.0
chr10,10q22.3,BEND3P3,81263542,82025814,762272,81442730,81448653,5923,0.00777,1.0
chr10,10q22.3,NUTM2B-AS1,81263542,82025814,762272,81451255,81586350,135095,0.17723,1.0
chr10,10q22.3,NUTM2B,81263542,82025814,762272,81462982,81472514,9532,0.0125,1.0
chr10,10q22.3,NUTM2B-AS1,81263542,82025814,762272,81522327,81586350,64023,0.08399,1.0
chr10,10q22.3,NUTM2B-AS1,81263542,82025814,762272,81557589,81586350,28761,0.03773,1.0
chr10,10q22.3,LOC642361,81263542,82025814,762272,81585657,81587358,1701,0.00223,1.0
chr10,10q22.3,NUTM2E,81263542,82025814,762272,81586494,81610634,24140,0.03167,1.0
chr10,10q22.3,BMS1P21,81263542,82025814,762272,81664653,81691557,26904,0.03529,1.0
chr10,10q22.3,MBL1P,81263542,82025814,762272,81679933,81682875,2942,0.00386,1.0
chr10,10q22.3,SFTPD,81263542,82025814,762272,81697495,81708861,11366,0.01491,1.0
chr10,10q22.3,TMEM254-AS1,81263542,82025814,762272,81805988,81838949,32961,0.04324,1.0
chr10,10q22.3,TMEM254-AS1,81263542,82025814,762272,81805988,81838949,32961,0.04324,1.0
chr10,10q22.3,TMEM254-AS1,81263542,82025814,762272,81805988,81838949,32961,0.04324,1.0
chr10,10q22.3,TMEM254-AS1,81263542,82025814,762272,81805988,81838949,32961,0.04324,1.0
chr10,10q22.3,TMEM254-AS1,81263542,82025814,762272,81805988,81838949,32961,0.04324,1.0
chr10,10q22.3,TMEM254,81263542,82025814,762272,81838420,81852307,13887,0.01822,1.0
chr10,10q22.3,TMEM254,81263542,82025814,762272,81838420,81852307,13887,0.01822,1.0
chr10,10q22.3,TMEM254,81263542,82025814,762272,81838420,81852307,13887,0.01822,1.0
chr10,10q22.3,TMEM254,81263542,82025814,762272,81838420,81852307,13887,0.01822,1.0
chr10,10q22.3,TMEM254,81263542,82025814,762272,81838420,81852307,13887,0.01822,1.0
chr10,10q22.3,TMEM254,81263542,82025814,762272,81838778,81852307,13529,0.01775,1.0
chr10,10q22.3,TMEM254,81263542,82025814,762272,81838778,81852307,13529,0.01775,1.0
chr10,10q22.3,TMEM254,81263542,82025814,762272,81838778,81852307,13529,0.01775,1.0
chr10,10q22.3,TMEM254,81263542,82025814,762272,81839000,81852307,13307,0.01746,1.0
chr10,10q22.3,TMEM254,81263542,82025814,762272,81839000,81852307,13307,0.01746,1.0
chr10,10q22.3,TMEM254,81263542,82025814,762272,81839000,81852307,13307,0.01746,1.0
chr10,10q22.3,TMEM254,81263542,82025814,762272,81839000,81852307,13307,0.01746,1.0
chr10,10q22.3,TMEM254,81263542,82025814,762272,81839035,81852307,13272,0.01741,1.0
chr10,10q22.3,PLAC9,81263542,82025814,762272,81891416,81905115,13699,0.01797,1.0
chr10,10q22.3,PLAC9,81263542,82025814,762272,81892485,81905115,12630,0.01657,1.0
chr10,10q22.3,PLAC9,81263542,82025814,762272,81892485,81905115,12630,0.01657,1.0
chr10,10q22.3,ANXA11,81263542,82025814,762272,81910644,81964247,53603,0.07032,1.0
chr10,10q22.3,ANXA11,81263542,82025814,762272,81910644,81965293,54649,0.07169,1.0
chr10,10q22.3,ANXA11,81263542,82025814,762272,81910644,81965293,54649,0.07169,1.0
chr10,10q22.3,ANXA11,81263542,82025814,762272,81910644,81965293,54649,0.07169,1.0
chr10,10q22.3,ANXA11,81263542,82025814,762272,81910644,81965293,54649,0.07169,1.0
chr10,10q22.3,ANXA11,81263542,82025814,762272,81910644,81965564,54920,0.07205,1.0
chr10,10q22.3,LINC00857,81263542,82025814,762272,81967465,81979413,11948,0.01567,1.0
chr10,10q22.3,LOC100130698,81263542,82025814,762272,82007513,82015164,7651,0.01004,1.0
chr10,10q23.33,ACSM6,96856007,96991331,135324,96953994,96988686,34692,0.25636,1.0
chr11,11p11.12,GRM5P1,49400370,50374263,973893,49580079,49831971,251892,0.25864,1.0
chr11,11p11.12,OR4C13,49400370,50374263,973893,49973942,49974971,1029,0.00106,1.0
chr11,11p11.12,OR4C12,49400370,50374263,973893,50003008,50004071,1063,0.00109,1.0
chr11,11p11.12,SEPTIN7P11,49400370,50374263,973893,50238998,50257633,18635,0.01913,1.0
chr11,11p11.12,LOC646813,49400370,50374263,973893,50368317,50379802,11485,0.00611,0.51772
chr11,11q11,TRIM48,55035854,55584328,548474,55029630,55038590,8960,0.00499,0.30536
chr11,11q11,TRIM51HP,55035854,55584328,548474,55061178,55065708,4530,0.00826,1.0
chr11,11q11,OR4A16,55035854,55584328,548474,55110676,55111663,987,0.0018,1.0
chr11,11q11,OR4A15,55035854,55584328,548474,55135449,55136394,945,0.00172,1.0
chr11,11q11,OR4C15,55035854,55584328,548474,55321944,55322895,951,0.00173,1.0
chr11,11q11,OR4C16,55035854,55584328,548474,55339603,55340536,933,0.0017,1.0
chr11,11q11,OR4C11,55035854,55584328,548474,55369835,55375121,5286,0.00964,1.0
chr11,11q11,OR4P4,55035854,55584328,548474,55405833,55406772,939,0.00171,1.0
chr11,11q11,OR4S2,55035854,55584328,548474,55415802,55420330,4528,0.00826,1.0
chr11,11q11,OR4C6,55035854,55584328,548474,55429676,55433572,3896,0.0071,1.0
chr11,11q11,OR5D3P,55035854,55584328,548474,55491251,55497097,5846,0.01066,1.0
chr11,11q11,OR5D13,55035854,55584328,548474,55540913,55541858,945,0.00172,1.0
chr11,11q11,OR5D14,55035854,55584328,548474,55563031,55563976,945,0.00172,1.0
chr11,11q11,OR5L1,55035854,55584328,548474,55578842,55579952,1110,0.00202,1.0
chr11,11q12.1,OR8I2,55822789,56197812,375023,55860783,55861716,933,0.00249,1.0
chr11,11q12.1,OR8H2,55822789,56197812,375023,55871162,55875134,3972,0.01059,1.0
chr11,11q12.1,OR8H2,55822789,56197812,375023,55871162,55875134,3972,0.01059,1.0
chr11,11q12.1,OR8H3,55822789,56197812,375023,55889848,55890787,939,0.0025,1.0
chr11,11q12.1,OR8J3,55822789,56197812,375023,55902196,55907677,5481,0.01462,1.0
chr11,11q12.1,OR8K5,55822789,56197812,375023,55926869,55927793,924,0.00246,1.0
chr11,11q12.1,OR5J2,55822789,56197812,375023,55944093,55945032,939,0.0025,1.0
chr11,11q12.1,OR8J2,55822789,56197812,375023,55976460,55982698,6238,0.01663,1.0
chr11,11q12.1,OR5T2,55822789,56197812,375023,55998757,56001731,2974,0.00793,1.0
chr11,11q12.1,OR5T3,55822789,56197812,375023,56019729,56020698,969,0.00258,1.0
chr11,11q12.1,OR5T1,55822789,56197812,375023,56041629,56044295,2666,0.00711,1.0
chr11,11q12.1,OR8H1,55822789,56197812,375023,56055937,56059730,3793,0.01011,1.0
chr11,11q12.1,OR8K3,55822789,56197812,375023,56082619,56088115,5496,0.01466,1.0
chr11,11q12.1,OR8K1,55822789,56197812,375023,56113514,56114474,960,0.00256,1.0
chr11,11q12.1,OR8J1,55822789,56197812,375023,56121766,56128987,7221,0.01925,1.0
chr11,11q12.1,OR8U1,55822789,56197812,375023,56143099,56144029,930,0.00248,1.0
chr11,11q12.1,OR5AL1,55822789,56197812,375023,56180072,56181257,1185,0.00316,1.0
chr11,11q12.1,OR8U3,55822789,56197812,375023,56184733,56185708,975,0.0026,1.0
chr12,12p13.2,PRH1-PRR4,11128832,11323354,194522,10998447,11324224,325777,1.0,0.5971
chr12,12p13.2,PRH1,11128832,11323354,194522,11033563,11324210,290647,1.0,0.66927
chr12,12p13.2,PRH1,11128832,11323354,194522,11033563,11324210,290647,1.0,0.66927
chr12,12p13.2,PRH1-TAS2R14,11128832,11323354,194522,11090008,11324210,234202,1.0,0.83057
chr12,12p13.2,PRH1,11128832,11323354,194522,11116402,11324210,207808,1.0,0.93607
chr12,12p13.2,TAS2R50,11128832,11323354,194522,11138511,11139511,1000,0.00514,1.0
chr12,12p13.2,TAS2R20,11128832,11323354,194522,11148559,11150903,2344,0.01205,1.0
chr12,12p13.2,TAS2R19,11128832,11323354,194522,11174217,11175219,1002,0.00515,1.0
chr12,12p13.2,TAS2R31,11128832,11323354,194522,11182985,11184006,1021,0.00525,1.0
chr12,12p13.2,TAS2R46,11128832,11323354,194522,11213963,11214893,930,0.00478,1.0
chr12,12p13.2,TAS2R43,11128832,11323354,194522,11243885,11244912,1027,0.00528,1.0
chr12,12p13.2,TAS2R30,11128832,11323354,194522,11285556,11287243,1687,0.00867,1.0
chr12,12p11.21,DENND5B,31560063,31735691,175628,31535159,31743376,208217,1.0,0.84349
chr12,12p11.21,DENND5B,31560063,31735691,175628,31535159,31744070,208911,1.0,0.84068
chr12,12p11.21,DENND5B,31560063,31735691,175628,31585310,31744070,158760,0.85625,0.94722
chr12,12p11.21,DENND5B,31560063,31735691,175628,31604233,31744070,139837,0.7485,0.94008
chr12,12p11.21,DENND5B,31560063,31735691,175628,31604233,31744070,139837,0.7485,0.94008
chr12,12p11.21,DENND5B,31560063,31735691,175628,31604233,31744070,139837,0.7485,0.94008
chr12,12q14.1,MIR6125,62646745,62828184,181439,62654139,62654235,96,0.00053,1.0
chr12,12q14.1,USP15,62646745,62828184,181439,62654184,62688262,34078,0.18782,1.0
chr12,12q14.1,USP15,62646745,62828184,181439,62654184,62697434,43250,0.23837,1.0
chr12,12q14.1,USP15,62646745,62828184,181439,62654184,62730472,76288,0.42046,1.0
chr12,12q14.1,USP15,62646745,62828184,181439,62654184,62810169,155985,0.85971,1.0
chr12,12q14.1,USP15,62646745,62828184,181439,62654184,62810169,155985,0.85971,1.0
chr12,12q14.1,USP15,62646745,62828184,181439,62654184,62810169,155985,0.85971,1.0
chr12,12q14.1,USP15,62646745,62828184,181439,62654184,62810169,155985,0.85971,1.0
chr12,12q14.1,USP15,62646745,62828184,181439,62654184,62810169,155985,0.85971,1.0
chr12,12q14.1,USP15,62646745,62828184,181439,62654184,62810169,155985,0.85971,1.0
chr12,12q14.1,USP15,62646745,62828184,181439,62654184,62810169,155985,0.85971,1.0
chr12,12q14.1,USP15,62646745,62828184,181439,62654184,62810169,155985,0.85971,1.0
chr12,12q14.1,USP15,62646745,62828184,181439,62654184,62810169,155985,0.85971,1.0
chr12,12q14.1,USP15,62646745,62828184,181439,62654184,62810169,155985,0.85971,1.0
chr12,12q14.1,USP15,62646745,62828184,181439,62654184,62810169,155985,0.85971,1.0
chr12,12q14.1,USP15,62646745,62828184,181439,62654184,62810169,155985,0.85971,1.0
chr12,12q14.1,USP15,62646745,62828184,181439,62654184,62810169,155985,0.85971,1.0
chr12,12q24.11,ATP2A2,110747511,111090540,343029,110719051,110788898,69847,0.12065,0.59254
chr12,12q24.11,ATP2A2,110747511,111090540,343029,110719051,110788898,69847,0.12065,0.59254
chr12,12q24.11,ANAPC7,110747511,111090540,343029,110810704,110839754,29050,0.08469,1.0
chr12,12q24.11,ANAPC7,110747511,111090540,343029,110810704,110839754,29050,0.08469,1.0
chr12,12q24.11,ANAPC7,110747511,111090540,343029,110810704,110841513,30809,0.08981,1.0
chr12,12q24.11,ANAPC7,110747511,111090540,343029,110810704,110841513,30809,0.08981,1.0
chr12,12q24.11,ANAPC7,110747511,111090540,343029,110810704,110841513,30809,0.08981,1.0
chr12,12q24.11,ANAPC7,110747511,111090540,343029,110810704,110841513,30809,0.08981,1.0
chr12,12q24.11,ANAPC7,110747511,111090540,343029,110813278,110841513,28235,0.08231,1.0
chr12,12q24.11,ARPC3,110747511,111090540,343029,110872627,110888142,15515,0.04523,1.0
chr12,12q24.11,ARPC3,110747511,111090540,343029,110872627,110888142,15515,0.04523,1.0
chr12,12q24.11,GPN3,110747511,111090540,343029,110890290,110906062,15772,0.04598,1.0
chr12,12q24.11,GPN3,110747511,111090540,343029,110890290,110906062,15772,0.04598,1.0
chr12,12q24.11,GPN3,110747511,111090540,343029,110890290,110906526,16236,0.04733,1.0
chr12,12q24.11,FAM216A,110747511,111090540,343029,110906649,110928190,21541,0.0628,1.0
chr12,12q24.11,VPS29,110747511,111090540,343029,110928887,110939916,11029,0.03215,1.0
chr12,12q24.11,VPS29,110747511,111090540,343029,110928887,110939916,11029,0.03215,1.0
chr12,12q24.11,VPS29,110747511,111090540,343029,110928887,110939916,11029,0.03215,1.0
chr12,12q24.11,VPS29,110747511,111090540,343029,110928887,110939916,11029,0.03215,1.0
chr12,12q24.11,VPS29,110747511,111090540,343029,110928887,110939916,11029,0.03215,1.0
chr12,12q24.11,VPS29,110747511,111090540,343029,110928887,110939916,11029,0.03215,1.0
chr12,12q24.11,VPS29,110747511,111090540,343029,110928887,110939916,11029,0.03215,1.0
chr12,12q24.11,VPS29,110747511,111090540,343029,110928887,110939916,11029,0.03215,1.0
chr12,12q24.11,RAD9B,110747511,111090540,343029,110940135,110971361,31226,0.09103,1.0
chr12,12q24.11,RAD9B,110747511,111090540,343029,110940135,110971361,31226,0.09103,1.0
chr12,12q24.11,RAD9B,110747511,111090540,343029,110940135,110971361,31226,0.09103,1.0
chr12,12q24.11,RAD9B,110747511,111090540,343029,110940135,110971361,31226,0.09103,1.0
chr12,12q24.11,RAD9B,110747511,111090540,343029,110940135,110971361,31226,0.09103,1.0
chr12,12q24.11,RAD9B,110747511,111090540,343029,110940135,110971361,31226,0.09103,1.0
chr12,12q24.11,RAD9B,110747511,111090540,343029,110940135,110971361,31226,0.09103,1.0
chr12,12q24.11,RAD9B,110747511,111090540,343029,110940135,110971361,31226,0.09103,1.0
chr12,12q24.11,RAD9B,110747511,111090540,343029,110940135,110971361,31226,0.09103,1.0
chr12,12q24.11,RAD9B,110747511,111090540,343029,110940135,110971361,31226,0.09103,1.0
chr12,12q24.11,RAD9B,110747511,111090540,343029,110940135,110971361,31226,0.09103,1.0
chr12,12q24.11,RAD9B,110747511,111090540,343029,110940135,110971361,31226,0.09103,1.0
chr12,12q24.11,RAD9B,110747511,111090540,343029,110940135,110971361,31226,0.09103,1.0
chr12,12q24.11,PPTC7,110747511,111090540,343029,110971049,111021123,50074,0.14598,1.0
chr12,12q24.11,PPTC7,110747511,111090540,343029,110971049,111021123,50074,0.14598,1.0
chr12,12q24.11,TCTN1,110747511,111090540,343029,111051933,111068062,16129,0.04702,1.0
chr12,12q24.11,TCTN1,110747511,111090540,343029,111051933,111087235,35302,0.10291,1.0
chr12,12q24.11,TCTN1,110747511,111090540,343029,111051933,111087235,35302,0.10291,1.0
chr12,12q24.11,TCTN1,110747511,111090540,343029,111051933,111087235,35302,0.10291,1.0
chr12,12q24.11,TCTN1,110747511,111090540,343029,111051933,111087235,35302,0.10291,1.0
chr12,12q24.11,TCTN1,110747511,111090540,343029,111051933,111087235,35302,0.10291,1.0
chr12,12q24.11,TCTN1,110747511,111090540,343029,111051933,111087235,35302,0.10291,1.0
chr12,12q24.11,TCTN1,110747511,111090540,343029,111051933,111087235,35302,0.10291,1.0
chr12,12q24.11,TCTN1,110747511,111090540,343029,111051933,111087235,35302,0.10291,1.0
chr12,12q24.11,HVCN1,110747511,111090540,343029,111086490,111126920,40430,0.01181,0.10017
chr12,12q24.11,HVCN1,110747511,111090540,343029,111086490,111127582,41092,0.01181,0.09856
chr12,12q24.11,HVCN1,110747511,111090540,343029,111086490,111127582,41092,0.01181,0.09856
chr12,12q24.13,NAA25,112523037,112896331,373294,112464492,112546587,82095,0.06309,0.28686
chr12,12q24.13,TRAFD1,112523037,112896331,373294,112563363,112591408,28045,0.07513,1.0
chr12,12q24.13,TRAFD1,112523037,112896331,373294,112563363,112591408,28045,0.07513,1.0
chr12,12q24.13,HECTD4,112523037,112896331,373294,112597998,112820235,222237,0.59534,1.0
chr12,12q24.13,HECTD4,112523037,112896331,373294,112597998,112820235,222237,0.59534,1.0
chr12,12q24.13,MIR6861,112523037,112896331,373294,112601061,112601125,64,0.00017,1.0
chr12,12q24.13,RPL6,112523037,112896331,373294,112842984,112849246,6262,0.01677,1.0
chr12,12q24.13,RPL6,112523037,112896331,373294,112842992,112847089,4097,0.01098,1.0
chr12,12q24.13,RPL6,112523037,112896331,373294,112842992,112847089,4097,0.01098,1.0
chr12,12q24.13,RPL6,112523037,112896331,373294,112842992,112847089,4097,0.01098,1.0
chr12,12q24.13,RPL6,112523037,112896331,373294,112842992,112847409,4417,0.01183,1.0
chr12,12q24.13,RPL6,112523037,112896331,373294,112842992,112847418,4426,0.01186,1.0
chr12,12q24.13,RPL6,112523037,112896331,373294,112842992,112847418,4426,0.01186,1.0
chr12,12q24.13,RPL6,112523037,112896331,373294,112842992,112856639,13647,0.03656,1.0
chr12,12q24.13,PTPN11,112523037,112896331,373294,112856750,112924727,67977,0.10603,0.58227
chr12,12q24.13,PTPN11,112523037,112896331,373294,112856750,112947722,90972,0.10603,0.43509
chr12,12q24.13,PTPN11,112523037,112896331,373294,112856750,112947722,90972,0.10603,0.43509
chr12,12q24.13,PTPN11,112523037,112896331,373294,112856750,112947722,90972,0.10603,0.43509
chr13,13q14.2,RB1,48892086,49143352,251266,48877886,49056026,178140,0.65246,0.92029
chr13,13q14.2,LPAR6,48892086,49143352,251266,48985273,48987249,1976,0.00786,1.0
chr13,13q14.2,LPAR6,48892086,49143352,251266,48985273,49001044,15771,0.06277,1.0
chr13,13q14.2,LPAR6,48892086,49143352,251266,48985273,49001044,15771,0.06277,1.0
chr13,13q14.2,LPAR6,48892086,49143352,251266,48985273,49001044,15771,0.06277,1.0
chr13,13q14.2,LPAR6,48892086,49143352,251266,48985273,49018805,33532,0.13345,1.0
chr13,13q14.2,RCBTB2,48892086,49143352,251266,49063098,49107216,44118,0.17558,1.0
chr13,13q14.2,RCBTB2,48892086,49143352,251266,49063098,49107216,44118,0.17558,1.0
chr13,13q14.2,RCBTB2,48892086,49143352,251266,49063098,49107216,44118,0.17558,1.0
chr13,13q14.2,RCBTB2,48892086,49143352,251266,49063098,49107216,44118,0.17558,1.0
chr13,13q14.2,RCBTB2,48892086,49143352,251266,49063098,49107216,44118,0.17558,1.0
chr13,13q14.2,RCBTB2,48892086,49143352,251266,49063098,49107216,44118,0.17558,1.0
chr13,13q14.2,RCBTB2,48892086,49143352,251266,49063098,49107216,44118,0.17558,1.0
chr13,13q14.2,RCBTB2,48892086,49143352,251266,49063098,49107216,44118,0.17558,1.0
chr13,13q14.2,RCBTB2,48892086,49143352,251266,49063098,49107216,44118,0.17558,1.0
chr13,13q14.2,RCBTB2,48892086,49143352,251266,49063098,49110031,46933,0.18679,1.0
chr13,13q14.2,RCBTB2,48892086,49143352,251266,49063098,49107216,44118,0.17558,1.0
chr13,13q14.2,RCBTB2,48892086,49143352,251266,49085293,49107216,21923,0.08725,1.0
chr13,13q14.2,RCBTB2,48892086,49143352,251266,49085293,49107216,21923,0.08725,1.0
chr13,13q14.2,LINC01077,48892086,49143352,251266,49141733,49164734,23001,0.00644,0.07039
chr13,13q14.2,LINC01077,48892086,49143352,251266,49141733,49164734,23001,0.00644,0.07039
chr13,13q14.2,LINC01077,48892086,49143352,251266,49141733,49164734,23001,0.00644,0.07039
chr14,14q23.3,GPHN,67018661,67879559,860898,66974864,67648520,673656,0.73163,0.93499
chr14,14q23.3,GPHN,67018661,67879559,860898,66974864,67648520,673656,0.73163,0.93499
chr14,14q23.3,GPHN,67018661,67879559,860898,66974864,67648520,673656,0.73163,0.93499
chr14,14q23.3,GPHN,67018661,67879559,860898,66974864,67648520,673656,0.73163,0.93499
chr14,14q23.3,GPHN,67018661,67879559,860898,66974864,67648520,673656,0.73163,0.93499
chr14,14q23.3,GPHN,67018661,67879559,860898,66974864,67648520,673656,0.73163,0.93499
chr14,14q23.3,GPHN,67018661,67879559,860898,66974864,67648520,673656,0.73163,0.93499
chr14,14q23.3,GPHN,67018661,67879559,860898,66974864,67648520,673656,0.73163,0.93499
chr14,14q23.3,GARIN2,67018661,67879559,860898,67656156,67690657,34501,0.04008,1.0
chr14,14q23.3,GARIN2,67018661,67879559,860898,67656156,67695275,39119,0.04544,1.0
chr14,14q23.3,PALS1,67018661,67879559,860898,67708151,67802778,94627,0.10992,1.0
chr14,14q23.3,PALS1,67018661,67879559,860898,67708151,67802778,94627,0.10992,1.0
chr14,14q23.3,ATP6V1D,67018661,67879559,860898,67804588,67826521,21933,0.02548,1.0
chr14,14q23.3,EIF2S1,67018661,67879559,860898,67827044,67853233,26189,0.03042,1.0
chr14,14q23.3,PLEK2,67018661,67879559,860898,67853700,67878882,25182,0.02925,1.0
chr15,15q13.3,OTUD7A,31734421,32385072,650651,31767600,32162876,395276,0.60751,1.0
chr15,15q13.3,OTUD7A,31734421,32385072,650651,31767600,32162876,395276,0.60751,1.0
chr15,15q13.3,OTUD7A,31734421,32385072,650651,31793611,32162876,369265,0.56753,1.0
chr15,15q13.3,CHRNA7,31734421,32385072,650651,32322685,32462384,139699,0.09588,0.44658
chr15,15q13.3,CHRNA7,31734421,32385072,650651,32322717,32465219,142502,0.09583,0.43757
chr15,15q13.3,CHRNA7,31734421,32385072,650651,32322717,32465219,142502,0.09583,0.43757
chr15,15q21.3,TCF12,57217167,57487088,269921,57210287,57582051,371764,1.0,0.72605
chr15,15q21.3,TCF12,57217167,57487088,269921,57210841,57582051,371210,1.0,0.72714
chr15,15q21.3,TCF12,57217167,57487088,269921,57210841,57582051,371210,1.0,0.72714
chr15,15q21.3,TCF12,57217167,57487088,269921,57210841,57582051,371210,1.0,0.72714
chr15,15q21.3,TCF12,57217167,57487088,269921,57210841,57582051,371210,1.0,0.72714
chr15,15q21.3,TCF12,57217167,57487088,269921,57210841,57582051,371210,1.0,0.72714
chr15,15q21.3,TCF12,57217167,57487088,269921,57210841,57582051,371210,1.0,0.72714
chr15,15q21.3,TCF12,57217167,57487088,269921,57210841,57582051,371210,1.0,0.72714
chr15,15q21.3,TCF12,57217167,57487088,269921,57210841,57582051,371210,1.0,0.72714
chr15,15q21.3,TCF12,57217167,57487088,269921,57210841,57583508,372667,1.0,0.7243
chr15,15q21.3,TCF12,57217167,57487088,269921,57210841,57583508,372667,1.0,0.7243
chr15,15q21.3,TCF12,57217167,57487088,269921,57211284,57582051,370767,1.0,0.72801
chr15,15q21.3,TCF12,57217167,57487088,269921,57211284,57582051,370767,1.0,0.72801
chr15,15q21.3,TCF12,57217167,57487088,269921,57211642,57582051,370409,1.0,0.72871
chr15,15q21.3,TCF12,57217167,57487088,269921,57211642,57582051,370409,1.0,0.72871
chr16,16p12.2,CRYM,21284426,22559611,1275185,21269841,21289611,19770,0.00407,0.26227
chr16,16p12.2,CRYM,21284426,22559611,1275185,21269841,21314383,44542,0.02349,0.67256
chr16,16p12.2,CRYM-AS1,21284426,22559611,1275185,21312169,21329912,17743,0.01391,1.0
chr16,16p12.2,SNX29P1,21284426,22559611,1275185,21360683,21397254,36571,0.02868,1.0
chr16,16p12.2,NPIPB3,21284426,22559611,1275185,21413449,21436699,23250,0.01823,1.0
chr16,16p12.2,LOC100190986,21284426,22559611,1275185,21443323,21445776,2453,0.00192,1.0
chr16,16p12.2,SMG1P3,21284426,22559611,1275185,21458003,21513602,55599,0.0436,1.0
chr16,16p12.2,MIR3680-1,21284426,22559611,1275185,21517369,21517456,87,7e-05,1.0
chr16,16p12.2,SLC7A5P2,21284426,22559611,1275185,21529213,21531765,2552,0.002,1.0
chr16,16p12.2,LOC101927814,21284426,22559611,1275185,21601018,21610706,9688,0.0076,1.0
chr16,16p12.2,METTL9,21284426,22559611,1275185,21608528,21668792,60264,0.04726,1.0
chr16,16p12.2,METTL9,21284426,22559611,1275185,21608528,21668792,60264,0.04726,1.0
chr16,16p12.2,METTL9,21284426,22559611,1275185,21610897,21668792,57895,0.0454,1.0
chr16,16p12.2,METTL9,21284426,22559611,1275185,21610897,21668792,57895,0.0454,1.0
chr16,16p12.2,IGSF6,21284426,22559611,1275185,21650870,21663929,13059,0.01024,1.0
chr16,16p12.2,OTOA,21284426,22559611,1275185,21675288,21772050,96762,0.07588,1.0
chr16,16p12.2,OTOA,21284426,22559611,1275185,21695749,21772050,76301,0.05984,1.0
chr16,16p12.2,OTOA,21284426,22559611,1275185,21716283,21772050,55767,0.04373,1.0
chr16,16p12.2,RRN3P1,21284426,22559611,1275185,21807950,21830495,22545,0.01768,1.0
chr16,16p12.2,NPIPB4,21284426,22559611,1275185,21845902,21869077,23175,0.01817,1.0
chr16,16p12.2,NPIPB4,21284426,22559611,1275185,21845902,21869077,23175,0.01817,1.0
chr16,16p12.2,NPIPB4,21284426,22559611,1275185,21845902,21869077,23175,0.01817,1.0
chr16,16p12.2,NPIPB4,21284426,22559611,1275185,21845902,21869077,23175,0.01817,1.0
chr16,16p12.2,NPIPB4,21284426,22559611,1275185,21845902,21869077,23175,0.01817,1.0
chr16,16p12.2,UQCRC2,21284426,22559611,1275185,21964681,21994981,30300,0.02376,1.0
chr16,16p12.2,PDZD9,21284426,22559611,1275185,21995185,22012437,17252,0.01353,1.0
chr16,16p12.2,PDZD9,21284426,22559611,1275185,21995185,22012437,17252,0.01353,1.0
chr16,16p12.2,PDZD9,21284426,22559611,1275185,21995185,22012437,17252,0.01353,1.0
chr16,16p12.2,MOSMO,21284426,22559611,1275185,22019431,22095975,76544,0.06003,1.0
chr16,16p12.2,VWA3A,21284426,22559611,1275185,22103861,22168285,64424,0.05052,1.0
chr16,16p12.2,SDR42E2,21284426,22559611,1275185,22173826,22203072,29246,0.02293,1.0
chr16,16p12.2,SDR42E2,21284426,22559611,1275185,22173861,22203072,29211,0.02291,1.0
chr16,16p12.2,EEF2K,21284426,22559611,1275185,22217598,22300059,82461,0.06467,1.0
chr16,16p12.2,POLR3E,21284426,22559611,1275185,22308729,22346417,37688,0.02955,1.0
chr16,16p12.2,POLR3E,21284426,22559611,1275185,22308729,22346417,37688,0.02955,1.0
chr16,16p12.2,POLR3E,21284426,22559611,1275185,22308729,22346417,37688,0.02955,1.0
chr16,16p12.2,POLR3E,21284426,22559611,1275185,22308729,22346417,37688,0.02955,1.0
chr16,16p12.2,POLR3E,21284426,22559611,1275185,22308729,22346417,37688,0.02955,1.0
chr16,16p12.2,POLR3E,21284426,22559611,1275185,22308729,22346417,37688,0.02955,1.0
chr16,16p12.2,CDR2,21284426,22559611,1275185,22357256,22385940,28684,0.02249,1.0
chr16,16p12.2,CDR2-DT,21284426,22559611,1275185,22386207,22389501,3294,0.00258,1.0
chr16,16p12.2,MFSD13B,21284426,22559611,1275185,22397089,22418919,21830,0.01712,1.0
chr16,16p12.2,RRN3P3,21284426,22559611,1275185,22429992,22448782,18790,0.01474,1.0
chr16,16p12.2,SMG1P1,21284426,22559611,1275185,22448328,22503541,55213,0.0433,1.0
chr16,16p12.2,NPIPB5,21284426,22559611,1275185,22514919,22547856,32937,0.02583,1.0
chr16,16p12.2,NPIPB5,21284426,22559611,1275185,22518335,22547856,29521,0.02315,1.0
chr16,16p12.2,NPIPB5,21284426,22559611,1275185,22522211,22547856,25645,0.02011,1.0
chr16,16p12.2,NPIPB5,21284426,22559611,1275185,22522211,22547856,25645,0.02011,1.0
chr16,16p12.2,OTOAP1,21284426,22559611,1275185,22557018,22588186,31168,0.00203,0.08319
chr17,17q21.31,LRRC37A4P,43572888,44369327,796439,43583248,43597889,14641,0.01838,1.0
chr17,17q21.31,MAPK8IP1P2,43572888,44369327,796439,43677466,43679228,1762,0.00221,1.0
chr17,17q21.31,LINC02210,43572888,44369327,796439,43697694,43715329,17635,0.02214,1.0
chr17,17q21.31,LINC02210,43572888,44369327,796439,43697694,43719673,21979,0.0276,1.0
chr17,17q21.31,LINC02210,43572888,44369327,796439,43697694,43723597,25903,0.03252,1.0
chr17,17q21.31,LINC02210,43572888,44369327,796439,43697694,43723597,25903,0.03252,1.0
chr17,17q21.31,LINC02210,43572888,44369327,796439,43697694,43723597,25903,0.03252,1.0
chr17,17q21.31,LINC02210-CRHR1,43572888,44369327,796439,43697711,43913194,215483,0.27056,1.0
chr17,17q21.31,LINC02210,43572888,44369327,796439,43697980,43715329,17349,0.02178,1.0
chr17,17q21.31,LINC02210-CRHR1,43572888,44369327,796439,43699273,43913194,213921,0.2686,1.0
chr17,17q21.31,CRHR1,43572888,44369327,796439,43861685,43913194,51509,0.06467,1.0
chr17,17q21.31,CRHR1,43572888,44369327,796439,43861685,43913194,51509,0.06467,1.0
chr17,17q21.31,CRHR1,43572888,44369327,796439,43861685,43913194,51509,0.06467,1.0
chr17,17q21.31,CRHR1,43572888,44369327,796439,43861685,43913194,51509,0.06467,1.0
chr17,17q21.31,CRHR1,43572888,44369327,796439,43861685,43913194,51509,0.06467,1.0
chr17,17q21.31,CRHR1,43572888,44369327,796439,43861685,43913194,51509,0.06467,1.0
chr17,17q21.31,MAPT-AS1,43572888,44369327,796439,43920721,43972879,52158,0.06549,1.0
chr17,17q21.31,SPPL2C,43572888,44369327,796439,43922246,43924433,2187,0.00275,1.0
chr17,17q21.31,MAPT,43572888,44369327,796439,43971919,44105700,133781,0.16797,1.0
chr17,17q21.31,MAPT,43572888,44369327,796439,43971919,44105700,133781,0.16797,1.0
chr17,17q21.31,MAPT,43572888,44369327,796439,43971919,44105700,133781,0.16797,1.0
chr17,17q21.31,MAPT,43572888,44369327,796439,43971919,44105700,133781,0.16797,1.0
chr17,17q21.31,MAPT,43572888,44369327,796439,43971919,44105700,133781,0.16797,1.0
chr17,17q21.31,MAPT,43572888,44369327,796439,43971919,44105700,133781,0.16797,1.0
chr17,17q21.31,MAPT,43572888,44369327,796439,43971919,44105700,133781,0.16797,1.0
chr17,17q21.31,MAPT,43572888,44369327,796439,43971919,44105700,133781,0.16797,1.0
chr17,17q21.31,MAPT,43572888,44369327,796439,43971919,44105700,133781,0.16797,1.0
chr17,17q21.31,MAPT,43572888,44369327,796439,43971919,44105700,133781,0.16797,1.0
chr17,17q21.31,MAPT,43572888,44369327,796439,43971919,44105700,133781,0.16797,1.0
chr17,17q21.31,MAPT,43572888,44369327,796439,43971919,44105700,133781,0.16797,1.0
chr17,17q21.31,MAPT,43572888,44369327,796439,43971919,44105700,133781,0.16797,1.0
chr17,17q21.31,MAPT-IT1,43572888,44369327,796439,43973148,43976164,3016,0.00379,1.0
chr17,17q21.31,STH,43572888,44369327,796439,44076615,44077060,445,0.00056,1.0
chr17,17q21.31,KANSL1,43572888,44369327,796439,44107281,44270148,162867,0.20449,1.0
chr17,17q21.31,KANSL1,43572888,44369327,796439,44107281,44270795,163514,0.20531,1.0
chr17,17q21.31,KANSL1,43572888,44369327,796439,44107281,44302733,195452,0.24541,1.0
chr17,17q21.31,KANSL1,43572888,44369327,796439,44107281,44302733,195452,0.24541,1.0
chr17,17q21.31,KANSL1-AS1,43572888,44369327,796439,44270938,44274089,3151,0.00396,1.0
chr17,17q21.31,ARL17B,43572888,44369327,796439,44351549,44439153,87604,0.02232,0.20294
chr17,17q21.31,ARL17B,43572888,44369327,796439,44362641,44439153,76512,0.00839,0.08738
chr18,18p11.21,ANKRD62,12108386,12224798,116412,12093841,12129763,35922,0.18363,0.59509
chr18,18p11.21,C18orf61,12108386,12224798,116412,12200777,12224710,23933,0.20559,1.0
chr2,2p23.1-1,LCLAT1,30698249,30863885,165636,30670111,30867091,196980,1.0,0.84088
chr2,2p23.1-1,LCLAT1,30698249,30863885,165636,30670111,30867091,196980,1.0,0.84088
chr2,2p23.1-1,LCLAT1,30698249,30863885,165636,30670111,30867091,196980,1.0,0.84088
chr2,2p23.1-1,LCLAT1,30698249,30863885,165636,30670111,30867091,196980,1.0,0.84088
chr2,2p23.1-2,SRD5A2,31753610,32425893,672283,31747549,31806007,58458,0.07794,0.89632
chr2,2p23.1-2,LINC01946,31753610,32425893,672283,32018889,32029049,10160,0.01511,1.0
chr2,2p23.1-2,MEMO1,31753610,32425893,672283,32092891,32236077,143186,0.21298,1.0
chr2,2p23.1-2,MEMO1,31753610,32425893,672283,32092891,32236077,143186,0.21298,1.0
chr2,2p23.1-2,MEMO1,31753610,32425893,672283,32092891,32236077,143186,0.21298,1.0
chr2,2p23.1-2,MEMO1,31753610,32425893,672283,32092891,32236077,143186,0.21298,1.0
chr2,2p23.1-2,MEMO1,31753610,32425893,672283,32092891,32236077,143186,0.21298,1.0
chr2,2p23.1-2,MEMO1,31753610,32425893,672283,32092891,32236077,143186,0.21298,1.0
chr2,2p23.1-2,MEMO1,31753610,32425893,672283,32092891,32236077,143186,0.21298,1.0
chr2,2p23.1-2,MEMO1,31753610,32425893,672283,32092891,32236077,143186,0.21298,1.0
chr2,2p23.1-2,MEMO1,31753610,32425893,672283,32092891,32236077,143186,0.21298,1.0
chr2,2p23.1-2,MEMO1,31753610,32425893,672283,32092891,32236077,143186,0.21298,1.0
chr2,2p23.1-2,MEMO1,31753610,32425893,672283,32092891,32236077,143186,0.21298,1.0
chr2,2p23.1-2,MEMO1,31753610,32425893,672283,32092891,32236077,143186,0.21298,1.0
chr2,2p23.1-2,MEMO1,31753610,32425893,672283,32092891,32236077,143186,0.21298,1.0
chr2,2p23.1-2,MEMO1,31753610,32425893,672283,32092891,32236077,143186,0.21298,1.0
chr2,2p23.1-2,MEMO1,31753610,32425893,672283,32092891,32236077,143186,0.21298,1.0
chr2,2p23.1-2,MEMO1,31753610,32425893,672283,32092891,32236077,143186,0.21298,1.0
chr2,2p23.1-2,MEMO1,31753610,32425893,672283,32092891,32236077,143186,0.21298,1.0
chr2,2p23.1-2,MEMO1,31753610,32425893,672283,32092891,32236077,143186,0.21298,1.0
chr2,2p23.1-2,MEMO1,31753610,32425893,672283,32092891,32236077,143186,0.21298,1.0
chr2,2p23.1-2,DPY30,31753610,32425893,672283,32236717,32264874,28157,0.04188,1.0
chr2,2p23.1-2,DPY30,31753610,32425893,672283,32248960,32264904,15944,0.02372,1.0
chr2,2p23.1-2,DPY30,31753610,32425893,672283,32248973,32264874,15901,0.02365,1.0
chr2,2p23.1-2,DPY30,31753610,32425893,672283,32248973,32264874,15901,0.02365,1.0
chr2,2p23.1-2,DPY30,31753610,32425893,672283,32248973,32264874,15901,0.02365,1.0
chr2,2p23.1-2,SPAST,31753610,32425893,672283,32288624,32382706,94082,0.13994,1.0
chr2,2p23.1-2,SPAST,31753610,32425893,672283,32288624,32382706,94082,0.13994,1.0
chr2,2p23.1-2,SPAST,31753610,32425893,672283,32288624,32382706,94082,0.13994,1.0
chr2,2p23.1-2,SPAST,31753610,32425893,672283,32288624,32382706,94082,0.13994,1.0
chr2,2p23.1-2,SPAST,31753610,32425893,672283,32288624,32382706,94082,0.13994,1.0
chr2,2p23.1-2,SLC30A6,31753610,32425893,672283,32390932,32449448,58516,0.052,0.59746
chr2,2p23.1-2,SLC30A6,31753610,32425893,672283,32390932,32449448,58516,0.052,0.59746
chr2,2p23.1-2,SLC30A6,31753610,32425893,672283,32390932,32449448,58516,0.052,0.59746
chr2,2p23.1-2,SLC30A6,31753610,32425893,672283,32390932,32449448,58516,0.052,0.59746
chr2,2p23.1-2,SLC30A6,31753610,32425893,672283,32390932,32449448,58516,0.052,0.59746
chr2,2p23.1-2,SLC30A6,31753610,32425893,672283,32390932,32449448,58516,0.052,0.59746
chr2,2p23.1-2,SLC30A6,31753610,32425893,672283,32390932,32449448,58516,0.052,0.59746
chr2,2p23.1-2,SLC30A6,31753610,32425893,672283,32390932,32449448,58516,0.052,0.59746
chr2,2p14,UGP2,63931145,64292277,361132,64068102,64118694,50592,0.14009,1.0
chr2,2p14,UGP2,63931145,64292277,361132,64068102,64118694,50592,0.14009,1.0
chr2,2p14,UGP2,63931145,64292277,361132,64068102,64118694,50592,0.14009,1.0
chr2,2p14,UGP2,63931145,64292277,361132,64068102,64118694,50592,0.14009,1.0
chr2,2p14,UGP2,63931145,64292277,361132,64068102,64118694,50592,0.14009,1.0
chr2,2p14,UGP2,63931145,64292277,361132,64068102,64118694,50592,0.14009,1.0
chr2,2p14,UGP2,63931145,64292277,361132,64069029,64118694,49665,0.13753,1.0
chr2,2p14,UGP2,63931145,64292277,361132,64069029,64118694,49665,0.13753,1.0
chr2,2p14,VPS54,63931145,64292277,361132,64119283,64246562,127279,0.35244,1.0
chr2,2p14,VPS54,63931145,64292277,361132,64119283,64246562,127279,0.35244,1.0
chr2,2q32.1,LINC01090,188922010,189570722,648712,188900322,189152418,252096,0.35518,0.91397
chr2,2q32.1,GULP1,188922010,189570722,648712,189156600,189460653,304053,0.4687,1.0
chr2,2q32.1,GULP1,188922010,189570722,648712,189156600,189460653,304053,0.4687,1.0
chr2,2q32.1,GULP1,188922010,189570722,648712,189156600,189460653,304053,0.4687,1.0
chr2,2q32.1,GULP1,188922010,189570722,648712,189156600,189460653,304053,0.4687,1.0
chr2,2q32.1,GULP1,188922010,189570722,648712,189156600,189460653,304053,0.4687,1.0
chr2,2q32.1,GULP1,188922010,189570722,648712,189156600,189460653,304053,0.4687,1.0
chr2,2q32.1,GULP1,188922010,189570722,648712,189156600,189460653,304053,0.4687,1.0
chr2,2q32.1,GULP1,188922010,189570722,648712,189156600,189460653,304053,0.4687,1.0
chr2,2q32.1,GULP1,188922010,189570722,648712,189156600,189460653,304053,0.4687,1.0
chr2,2q32.1,GULP1,188922010,189570722,648712,189156600,189460653,304053,0.4687,1.0
chr2,2q32.1,GULP1,188922010,189570722,648712,189156600,189460653,304053,0.4687,1.0
chr2,2q32.1,GULP1,188922010,189570722,648712,189156600,189460653,304053,0.4687,1.0
chr2,2q32.1,GULP1,188922010,189570722,648712,189156600,189460653,304053,0.4687,1.0
chr2,2q32.1,GULP1,188922010,189570722,648712,189156600,189460653,304053,0.4687,1.0
chr2,2q32.1,GULP1,188922010,189570722,648712,189156600,189460653,304053,0.4687,1.0
chr2,2q32.1,GULP1,188922010,189570722,648712,189156600,189460653,304053,0.4687,1.0
chr2,2q32.1,GULP1,188922010,189570722,648712,189156600,189460653,304053,0.4687,1.0
chr2,2q32.1,GULP1,188922010,189570722,648712,189156600,189460653,304053,0.4687,1.0
chr2,2q32.1,GULP1,188922010,189570722,648712,189156600,189460653,304053,0.4687,1.0
chr2,2q32.1,GULP1,188922010,189570722,648712,189156600,189460653,304053,0.4687,1.0
chr2,2q32.1,GULP1,188922010,189570722,648712,189156600,189460653,304053,0.4687,1.0
chr2,2q32.1,GULP1,188922010,189570722,648712,189156600,189460653,304053,0.4687,1.0
chr2,2q32.1,GULP1,188922010,189570722,648712,189156600,189460653,304053,0.4687,1.0
chr2,2q32.1,GULP1,188922010,189570722,648712,189157554,189460653,303099,0.46723,1.0
chr2,2q32.1,GULP1,188922010,189570722,648712,189157554,189460653,303099,0.46723,1.0
chr2,2q32.1,GULP1,188922010,189570722,648712,189157554,189460653,303099,0.46723,1.0
chr2,2q32.1,GULP1,188922010,189570722,648712,189157554,189460653,303099,0.46723,1.0
chr2,2q32.1,GULP1,188922010,189570722,648712,189157554,189460653,303099,0.46723,1.0
chr2,2q32.1,GULP1,188922010,189570722,648712,189157554,189460653,303099,0.46723,1.0
chr2,2q32.1,GULP1,188922010,189570722,648712,189157554,189460653,303099,0.46723,1.0
chr2,2q32.1,GULP1,188922010,189570722,648712,189157554,189460653,303099,0.46723,1.0
chr2,2q32.1,GULP1,188922010,189570722,648712,189157554,189460653,303099,0.46723,1.0
chr2,2q32.1,GULP1,188922010,189570722,648712,189157554,189460653,303099,0.46723,1.0
chr2,2q32.1,GULP1,188922010,189570722,648712,189157554,189460653,303099,0.46723,1.0
chr2,2q32.1,MIR561,188922010,189570722,648712,189162218,189162315,97,0.00015,1.0
chr4,4p14,LINC02505,36434528,36514145,79617,36498158,36643522,145364,0.2008,0.10998
chr4,4q13.2,LOC105377267,70080653,70285884,205231,70047817,70082485,34668,0.00893,0.05284
chr4,4q13.2,UGT2B28,70080653,70285884,205231,70146192,70160768,14576,0.07102,1.0
chr4,4q13.2,UGT2B28,70080653,70285884,205231,70146192,70160768,14576,0.07102,1.0
chr5,5q11.2,NDUFS4,52853385,53054461,201076,52856468,52979168,122700,0.61022,1.0
chr5,5q11.2,NDUFS4,52853385,53054461,201076,52856468,52979168,122700,0.61022,1.0
chr5,5q11.2,NDUFS4,52853385,53054461,201076,52856468,52979168,122700,0.61022,1.0
chr5,5q11.2,NDUFS4,52853385,53054461,201076,52856468,52979168,122700,0.61022,1.0
chr5,5q11.2,NDUFS4,52853385,53054461,201076,52856468,52979168,122700,0.61022,1.0
chr5,5q21.3,MAN2A1,109053314,109190682,137368,109025627,109205326,179699,1.0,0.76443
chr5,5q23.1,COMMD10,115423526,115596941,173415,115420721,115628984,208263,1.0,0.83267
chr5,5q23.1,COMMD10,115423526,115596941,173415,115420721,115526638,105917,0.5946,0.97352
chr5,5q23.1,COMMD10,115423526,115596941,173415,115420721,115526638,105917,0.5946,0.97352
chr5,5q23.1,COMMD10,115423526,115596941,173415,115420974,115526638,105664,0.5946,0.97585
chr5,5q23.1,COMMD10,115423526,115596941,173415,115421158,115628984,207826,1.0,0.83442
chr5,5q23.1,MIR12130,115423526,115596941,173415,115591439,115591531,92,0.00053,1.0
chr6,6p21.2,ZFAND3,37774460,38118608,344148,37787502,38122400,334898,0.9621,0.98868
chr6,6p21.1,SUPT3H,45009722,45349448,339726,44776793,45345399,568606,0.98808,0.59035
chr6,6p21.1,SUPT3H,45009722,45349448,339726,44776793,45345399,568606,0.98808,0.59035
chr6,6p21.1,SUPT3H,45009722,45349448,339726,44776793,45345399,568606,0.98808,0.59035
chr6,6p21.1,SUPT3H,45009722,45349448,339726,44776793,45345671,568878,0.98888,0.59055
chr6,6p21.1,SUPT3H,45009722,45349448,339726,44794462,45345399,550937,0.98808,0.60928
chr6,6p21.1,SUPT3H,45009722,45349448,339726,44794462,45345399,550937,0.98808,0.60928
chr6,6p21.1,SUPT3H,45009722,45349448,339726,44794462,45345671,551209,0.98888,0.60948
chr6,6p21.1,SUPT3H,45009722,45349448,339726,44794462,45345671,551209,0.98888,0.60948
chr6,6p21.1,SUPT3H,45009722,45349448,339726,44794462,45345671,551209,0.98888,0.60948
chr6,6p21.1,SUPT3H,45009722,45349448,339726,44794462,45345671,551209,0.98888,0.60948
chr6,6p21.1,SUPT3H,45009722,45349448,339726,44794462,45345671,551209,0.98888,0.60948
chr6,6p21.1,SUPT3H,45009722,45349448,339726,44794462,45345671,551209,0.98888,0.60948
chr6,6p21.1,MIR586,45009722,45349448,339726,45165410,45165507,97,0.00029,1.0
chr6,6p21.1,RUNX2,45009722,45349448,339726,45296066,45518819,222753,0.15713,0.23965
chr6,6p21.1,RUNX2,45009722,45349448,339726,45296066,45518819,222753,0.15713,0.23965
chr6,6p21.1,RUNX2,45009722,45349448,339726,45296066,45339785,43719,0.12869,1.0
chr6,6p21.1,RUNX2,45009722,45349448,339726,45296066,45339785,43719,0.12869,1.0
chr6,6p11.2,PRIM2,57317174,57663312,346138,57182427,57513376,330949,0.56683,0.59285
chr6,6p11.1,GUSBP4,57708601,62505970,4797369,58234830,58263207,28377,0.00592,1.0
chr6,6p11.1,LINC00680-GUSBP4,57708601,62505970,4797369,58246158,58287724,41566,0.00866,1.0
chr6,6p11.1,LINC00680-GUSBP4,57708601,62505970,4797369,58246158,58287724,41566,0.00866,1.0
chr6,6p11.1,LINC00680-GUSBP4,57708601,62505970,4797369,58246158,58287724,41566,0.00866,1.0
chr6,6p11.1,GUSBP4,57708601,62505970,4797369,58246158,58263207,17049,0.00355,1.0
chr6,6p11.1,LINC00680,57708601,62505970,4797369,58272111,58287724,15613,0.00325,1.0
chr6,6p11.1,LINC00680,57708601,62505970,4797369,58272111,58287724,15613,0.00325,1.0
chr6,6p11.1,LINC00680,57708601,62505970,4797369,58272111,58287724,15613,0.00325,1.0
chr6,6p11.1,LINC00680,57708601,62505970,4797369,58272111,58287724,15613,0.00325,1.0
chr6,6p11.1,LINC00680,57708601,62505970,4797369,58272111,58287724,15613,0.00325,1.0
chr6,6p11.1,LINC00680,57708601,62505970,4797369,58272111,58287724,15613,0.00325,1.0
chr6,6p11.1,KHDRBS2,57708601,62505970,4797369,62252574,62996130,743556,0.05282,0.34079
chr6,6q11.1,KHDRBS2,61992049,62370957,378908,62252574,62996130,743556,0.31243,0.15921
chr6,6p11.1,KHDRBS2,57708601,62505970,4797369,62340138,62996130,655992,0.03457,0.2528
chr6,6q11.1,KHDRBS2,61992049,62370957,378908,62340138,62996130,655992,0.08134,0.04698
chr6,6p11.1,KHDRBS2,57708601,62505970,4797369,62340138,62996130,655992,0.03457,0.2528
chr6,6q11.1,KHDRBS2,61992049,62370957,378908,62340138,62996130,655992,0.08134,0.04698
chr6,6p11.1,KHDRBS2,57708601,62505970,4797369,62340138,62996130,655992,0.03457,0.2528
chr6,6q11.1,KHDRBS2,61992049,62370957,378908,62340138,62996130,655992,0.08134,0.04698
chr6,6p11.1,KHDRBS2,57708601,62505970,4797369,62389865,62996130,606265,0.0242,0.19151
chr6,6p11.1,KHDRBS2,57708601,62505970,4797369,62389865,62996130,606265,0.0242,0.19151
chr6,6p11.1,KHDRBS2,57708601,62505970,4797369,62389865,62996130,606265,0.0242,0.19151
chr6,6q14.1,MEI4,78400750,78632502,231752,78359990,78636762,276772,1.0,0.83734
chr6,6q14.1,MEI4,78400750,78632502,231752,78362755,78636762,274007,1.0,0.84579
chr6,6q21,AK9,109812089,110012308,200219,109814057,110012405,198348,0.99017,0.99951
chr6,6q21,AK9,109812089,110012308,200219,109952898,110012405,59507,0.29673,0.99837
chr6,6q21,AK9,109812089,110012308,200219,109952898,110012405,59507,0.29673,0.99837
chr6,6q21,AK9,109812089,110012308,200219,109952898,110012405,59507,0.29673,0.99837
chr6,6q21,AK9,109812089,110012308,200219,109952898,110012405,59507,0.29673,0.99837
chr6,6q22.31-1,CEP85L,118748269,118967314,219045,118781934,118972754,190820,0.84631,0.97149
chr6,6q22.31-1,CEP85L,118748269,118967314,219045,118781934,119031252,249318,0.84631,0.74355
chr6,6q22.31-1,CEP85L,118748269,118967314,219045,118812593,118972754,160161,0.70634,0.96603
chr6,6q22.31-1,BRD7P3,118748269,118967314,219045,118822535,118825009,2474,0.01129,1.0
chr6,6q22.31-1,PLN,118748269,118967314,219045,118869458,118882879,13421,0.06127,1.0
chr6,6q22.31-2,TBC1D32,121380134,121528456,148322,121400639,121655626,254987,0.86175,0.50127
chr6,6q22.31-2,TBC1D32,121380134,121528456,148322,121400639,121655626,254987,0.86175,0.50127
chr6,6q22.31-2,TBC1D32,121380134,121528456,148322,121400639,121655875,255236,0.86175,0.50078
chr6,6q22.31-2,TBC1D32,121380134,121528456,148322,121400639,121655626,254987,0.86175,0.50127
chr7,7p22.2,SDK1,3395595,3703085,307490,3340883,4308632,967749,1.0,0.31774
chr7,7q11.21-1,RABGEF1P1,65986450,66432004,445554,65995291,66057394,62103,0.13938,1.0
chr7,7q11.21-1,RABGEF1P1,65986450,66432004,445554,66018454,66057394,38940,0.0874,1.0
chr7,7q11.21-1,RABGEF1P1,65986450,66432004,445554,66018454,66057394,38940,0.0874,1.0
chr7,7q11.21-1,RABGEF1P1,65986450,66432004,445554,66018454,66057394,38940,0.0874,1.0
chr7,7q11.21-1,RABGEF1P1,65986450,66432004,445554,66018454,66057394,38940,0.0874,1.0
chr7,7q11.21-1,RABGEF1P1,65986450,66432004,445554,66018454,66057394,38940,0.0874,1.0
chr7,7q11.21-1,RABGEF1P1,65986450,66432004,445554,66018454,66057394,38940,0.0874,1.0
chr7,7q11.21-1,RABGEF1P1,65986450,66432004,445554,66018454,66057394,38940,0.0874,1.0
chr7,7q11.21-1,KCTD7,65986450,66432004,445554,66093867,66108034,14167,0.0318,1.0
chr7,7q11.21-1,KCTD7,65986450,66432004,445554,66093867,66108216,14349,0.0322,1.0
chr7,7q11.21-1,LOC100996437,65986450,66432004,445554,66119505,66134589,15084,0.03385,1.0
chr7,7q11.21-1,RABGEF1,65986450,66432004,445554,66119553,66276451,156898,0.35214,1.0
chr7,7q11.21-1,RABGEF1,65986450,66432004,445554,66119553,66276451,156898,0.35214,1.0
chr7,7q11.21-1,RABGEF1,65986450,66432004,445554,66119553,66276451,156898,0.35214,1.0
chr7,7q11.21-1,RABGEF1,65986450,66432004,445554,66119553,66276451,156898,0.35214,1.0
chr7,7q11.21-1,RABGEF1,65986450,66432004,445554,66119553,66276451,156898,0.35214,1.0
chr7,7q11.21-1,RABGEF1,65986450,66432004,445554,66119553,66276451,156898,0.35214,1.0
chr7,7q11.21-1,RABGEF1,65986450,66432004,445554,66119553,66276451,156898,0.35214,1.0
chr7,7q11.21-1,RABGEF1,65986450,66432004,445554,66119553,66276451,156898,0.35214,1.0
chr7,7q11.21-1,RABGEF1,65986450,66432004,445554,66147152,66276451,129299,0.2902,1.0
chr7,7q11.21-1,RABGEF1,65986450,66432004,445554,66147152,66276451,129299,0.2902,1.0
chr7,7q11.21-1,RABGEF1,65986450,66432004,445554,66147152,66276451,129299,0.2902,1.0
chr7,7q11.21-1,RABGEF1,65986450,66432004,445554,66147152,66276451,129299,0.2902,1.0
chr7,7q11.21-1,RABGEF1,65986450,66432004,445554,66147152,66276451,129299,0.2902,1.0
chr7,7q11.21-1,RABGEF1,65986450,66432004,445554,66147152,66276451,129299,0.2902,1.0
chr7,7q11.21-1,RABGEF1,65986450,66432004,445554,66147152,66276451,129299,0.2902,1.0
chr7,7q11.21-1,RABGEF1,65986450,66432004,445554,66147152,66276451,129299,0.2902,1.0
chr7,7q11.21-1,RABGEF1,65986450,66432004,445554,66147152,66276451,129299,0.2902,1.0
chr7,7q11.21-1,RABGEF1,65986450,66432004,445554,66147152,66276451,129299,0.2902,1.0
chr7,7q11.21-1,RABGEF1,65986450,66432004,445554,66147152,66276451,129299,0.2902,1.0
chr7,7q11.21-1,RABGEF1,65986450,66432004,445554,66147152,66150679,3527,0.00792,1.0
chr7,7q11.21-1,RABGEF1,65986450,66432004,445554,66205719,66276451,70732,0.15875,1.0
chr7,7q11.21-1,RABGEF1,65986450,66432004,445554,66205719,66276451,70732,0.15875,1.0
chr7,7q11.21-1,RABGEF1,65986450,66432004,445554,66205719,66276451,70732,0.15875,1.0
chr7,7q11.21-1,RABGEF1,65986450,66432004,445554,66205719,66276451,70732,0.15875,1.0
chr7,7q11.21-1,RABGEF1,65986450,66432004,445554,66205719,66276451,70732,0.15875,1.0
chr7,7q11.21-1,RABGEF1,65986450,66432004,445554,66205719,66276451,70732,0.15875,1.0
chr7,7q11.21-1,RABGEF1,65986450,66432004,445554,66205719,66276451,70732,0.15875,1.0
chr7,7q11.21-1,RABGEF1,65986450,66432004,445554,66205719,66276451,70732,0.15875,1.0
chr7,7q11.21-1,RABGEF1,65986450,66432004,445554,66205719,66276451,70732,0.15875,1.0
chr7,7q11.21-1,RABGEF1,65986450,66432004,445554,66205719,66276451,70732,0.15875,1.0
chr7,7q11.21-1,RABGEF1,65986450,66432004,445554,66205719,66276451,70732,0.15875,1.0
chr7,7q11.21-1,RABGEF1,65986450,66432004,445554,66205719,66276451,70732,0.15875,1.0
chr7,7q11.21-1,RABGEF1,65986450,66432004,445554,66205719,66276451,70732,0.15875,1.0
chr7,7q11.21-1,RABGEF1,65986450,66432004,445554,66205719,66276451,70732,0.15875,1.0
chr7,7q11.21-1,RABGEF1,65986450,66432004,445554,66205719,66276451,70732,0.15875,1.0
chr7,7q11.21-1,RABGEF1,65986450,66432004,445554,66205719,66276451,70732,0.15875,1.0
chr7,7q11.21-1,RABGEF1,65986450,66432004,445554,66205719,66276451,70732,0.15875,1.0
chr7,7q11.21-1,RABGEF1,65986450,66432004,445554,66205719,66276451,70732,0.15875,1.0
chr7,7q11.21-1,RABGEF1,65986450,66432004,445554,66205719,66276451,70732,0.15875,1.0
chr7,7q11.21-1,RABGEF1,65986450,66432004,445554,66205719,66276451,70732,0.15875,1.0
chr7,7q11.21-1,RABGEF1,65986450,66432004,445554,66220868,66276451,55583,0.12475,1.0
chr7,7q11.21-1,GTF2IRD1P1,65986450,66432004,445554,66274979,66309873,34894,0.07832,1.0
chr7,7q11.21-1,GTF2IP23,65986450,66432004,445554,66312436,66349260,36824,0.08265,1.0
chr7,7q11.21-1,LINC02604,65986450,66432004,445554,66369106,66371284,2178,0.00489,1.0
chr7,7q11.21-1,TMEM248,65986450,66432004,445554,66386211,66423538,37327,0.08378,1.0
chr7,7q11.21-2,TYW1,66568235,66633067,64832,66461819,66704501,242682,1.0,0.26715
chr7,7q11.21-2,TYW1,66568235,66633067,64832,66461819,66704501,242682,1.0,0.26715
chr7,7q11.21-2,MIR4650-1,66568235,66633067,64832,66579308,66579384,76,0.00117,1.0
chr8,8p11.22,ADAM5,39223634,39441538,217904,39172150,39274897,102747,0.23525,0.49892
chr8,8p11.22,ADAM3A,39223634,39441538,217904,39308563,39380508,71945,0.33017,1.0
chr8,8p11.22,ADAM3A,39223634,39441538,217904,39308563,39380508,71945,0.33017,1.0
chr8,8p11.22,ADAM3A,39223634,39441538,217904,39308563,39380508,71945,0.33017,1.0
chr8,8p11.22,ADAM3A,39223634,39441538,217904,39308563,39380508,71945,0.33017,1.0
chr8,8p11.22,LOC100130964,39223634,39441538,217904,39420630,39437653,17023,0.07812,1.0
chr8,8p11.1,FNTA,42900493,47758730,4858237,42911465,42940928,29463,0.00606,1.0
chr8,8p11.1,FNTA,42900493,47758730,4858237,42911465,42940928,29463,0.00606,1.0
chr8,8p11.1,POMK,42900493,47758730,4858237,42948657,42978577,29920,0.00616,1.0
chr8,8p11.1,POMK,42900493,47758730,4858237,42948657,42978577,29920,0.00616,1.0
chr8,8p11.1,HGSNAT,42900493,47758730,4858237,42995606,43057998,62392,0.01284,1.0
chr8,8p11.1,HGSNAT,42900493,47758730,4858237,42995606,43057998,62392,0.01284,1.0
chr8,8p11.1,HGSNAT,42900493,47758730,4858237,42995606,43057998,62392,0.01284,1.0
chr8,8p11.1,HGSNAT,42900493,47758730,4858237,42995606,43057998,62392,0.01284,1.0
chr8,8p11.1,POTEA,42900493,47758730,4858237,43147584,43218328,70744,0.01456,1.0
chr8,8p11.1,POTEA,42900493,47758730,4858237,43147584,43218328,70744,0.01456,1.0
chr8,8p11.1,ASNSP1,42900493,47758730,4858237,47490834,47529265,38431,0.00791,1.0
chr8,8p11.1,LINC00293,42900493,47758730,4858237,47752507,47767407,14900,0.00128,0.41765
chr8,8q13.3,XKR9,71585912,71920993,335081,71581573,71648177,66604,0.18582,0.93485
chr8,8q13.3,XKR9,71585912,71920993,335081,71581573,71648177,66604,0.18582,0.93485
chr8,8q13.3,XKR9,71585912,71920993,335081,71581573,71648177,66604,0.18582,0.93485
chr8,8q13.3,XKR9,71585912,71920993,335081,71581573,71648177,66604,0.18582,0.93485
